edge_id,from_node,to_node,distance_km,estimated_time_min,road_type,crosses_nh66,bidirectional,source,confidence
edge_001,node_dept_cse,node_dept_ece,0.025,0.07,internal_campus_road,False,True,openstreetmap,high
edge_002,node_dept_ece,node_dept_it,0.034,0.1,internal_campus_road,False,True,openstreetmap,high
edge_003,node_dept_it,node_dept_eee,0.025,0.07,internal_campus_road,False,True,openstreetmap,high
edge_004,node_dept_cse,node_dept_civil,0.35,1.4,underpass_crossing,True,True,openstreetmap,high
edge_005,node_dept_ece,node_dept_civil,0.35,1.4,underpass_crossing,True,True,openstreetmap,high
edge_006,node_dept_cse,node_main_gate,0.35,1.4,underpass_crossing,True,True,openstreetmap,high
edge_007,node_main_gate,node_main_building,0.134,0.4,internal_campus_road,False,True,openstreetmap,high
edge_008,node_main_gate,node_dept_civil,0.162,0.49,internal_campus_road,False,True,openstreetmap,high
edge_009,node_main_building,node_central_library,0.109,0.33,internal_campus_road,False,True,openstreetmap,high
edge_010,node_central_library,node_lhc_a,0.023,0.28,walking_path,False,True,estimated,high
edge_011,node_lhc_a,node_lhc_b,0.056,0.67,walking_path,False,True,estimated,high
edge_012,node_central_library,node_e_library,0.076,0.23,internal_campus_road,False,True,openstreetmap,high
edge_013,node_main_building,node_e_library,0.124,0.37,internal_campus_road,False,True,openstreetmap,high
edge_014,node_central_library,node_dept_macs,0.049,0.15,internal_campus_road,False,True,openstreetmap,high
edge_015,node_lhc_b,node_dept_macs,0.03,0.36,walking_path,False,True,openstreetmap,high
edge_016,node_dept_macs,node_dept_hssm,0.094,0.28,internal_campus_road,False,True,openstreetmap,high
edge_017,node_dept_hssm,node_dept_physics,0.027,0.08,internal_campus_road,False,True,openstreetmap,high
edge_018,node_dept_physics,node_dept_chemistry,0.05,0.15,internal_campus_road,False,True,openstreetmap,high
edge_019,node_dept_civil,node_dept_mining,0.05,0.15,internal_campus_road,False,True,openstreetmap,high
edge_020,node_dept_civil,node_dept_wroe,0.109,0.33,internal_campus_road,False,True,openstreetmap,high
edge_021,node_dept_wroe,node_dept_mech,0.172,0.52,internal_campus_road,False,True,openstreetmap,high
edge_022,node_dept_mech,node_dept_chem,0.103,0.31,internal_campus_road,False,True,openstreetmap,high
edge_023,node_dept_chem,node_dept_mme,0.162,0.49,internal_campus_road,False,True,openstreetmap,high
edge_024,node_dept_mme,node_e_library,0.077,0.23,internal_campus_road,False,True,openstreetmap,high
edge_025,node_dept_mme,node_main_building,0.108,0.32,internal_campus_road,False,True,openstreetmap,high
edge_026,node_dept_mining,node_main_building,0.132,0.4,internal_campus_road,False,True,openstreetmap,high
edge_027,node_dept_mining,node_central_library,0.239,0.72,internal_campus_road,False,True,openstreetmap,high
edge_028,node_dept_civil,node_hostel_g_gh2,0.181,0.54,internal_campus_road,False,True,openstreetmap,high
edge_029,node_dept_wroe,node_hostel_g_gh1,0.15,0.45,internal_campus_road,False,True,estimated,medium
edge_030,node_hostel_g_gh1,node_hostel_g_gh2,0.061,0.24,slow_campus_road,False,True,estimated,medium
edge_031,node_hostel_g_gh2,node_hostel_g_gh3,0.071,0.28,slow_campus_road,False,True,estimated,medium
edge_032,node_hostel_g_gh3,node_hostel_g_gh4,0.04,0.16,slow_campus_road,False,True,estimated,medium
edge_033,node_hostel_g_gh4,node_hostel_g_gh5,0.045,0.18,slow_campus_road,False,True,openstreetmap,high
edge_034,node_hostel_g_gh5,node_hostel_g_gh6,0.06,0.24,slow_campus_road,False,True,openstreetmap,high
edge_035,node_hostel_g_gh4,node_girls_coop,0.075,0.9,walking_path,False,True,openstreetmap,high
edge_036,node_girls_coop,node_suprabha_girls,0.015,0.18,walking_path,False,True,estimated,medium
edge_037,node_hostel_g_gh6,node_girls_coop,0.05,0.6,walking_path,False,True,openstreetmap,high
edge_038,node_hostel_g_gh6,node_dept_mech,0.096,0.29,internal_campus_road,False,True,openstreetmap,high
edge_039,node_dept_chemistry,node_boys_coop,0.124,0.37,internal_campus_road,False,True,openstreetmap,high
edge_040,node_lhc_b,node_boys_coop,0.105,0.31,internal_campus_road,False,True,openstreetmap,high
edge_041,node_boys_coop,node_hostel_b_shivalik,0.082,0.33,slow_campus_road,False,True,openstreetmap,high
edge_042,node_hostel_b_shivalik,node_hostel_b_block8,0.096,0.38,slow_campus_road,False,True,openstreetmap,high
edge_043,node_hostel_b_block8,node_mess_b8_trishul,0.015,0.18,walking_path,False,True,estimated,high
edge_044,node_boys_coop,node_hostel_b_mt1,0.14,0.42,internal_campus_road,False,True,openstreetmap,high
edge_045,node_hostel_b_mt1,node_hostel_b_mt2,0.12,0.36,internal_campus_road,False,True,openstreetmap,high
edge_046,node_hostel_b_mt2,node_hostel_b_mt3,0.119,0.36,internal_campus_road,False,True,openstreetmap,high
edge_047,node_hostel_b_mt1,node_mess_mega,0.068,0.27,slow_campus_road,False,True,openstreetmap,high
edge_048,node_hostel_b_mt2,node_mess_mega,0.077,0.31,slow_campus_road,False,True,openstreetmap,high
edge_049,node_boys_coop,node_hostel_b_block7,0.288,0.86,internal_campus_road,False,True,openstreetmap,high
edge_050,node_hostel_b_block7,node_mess_b7_sahyadri,0.015,0.18,walking_path,False,True,estimated,high
edge_051,node_hostel_b_block7,node_mess_gb,0.062,0.74,walking_path,False,True,estimated,medium
edge_052,node_hostel_b_block7,node_hostel_b_block1,0.131,0.39,internal_campus_road,False,True,openstreetmap,high
edge_053,node_hostel_b_block1,node_mess_b1_karavali,0.015,0.18,walking_path,False,True,estimated,high
edge_054,node_hostel_b_block1,node_hostel_b_brahmagiri,0.07,0.28,slow_campus_road,False,True,openstreetmap,high
edge_055,node_hostel_b_brahmagiri,node_mess_pg_new_brahmagiri,0.015,0.18,walking_path,False,True,estimated,high
edge_056,node_hostel_b_brahmagiri,node_hostel_b_block6,0.11,0.44,slow_campus_road,False,True,openstreetmap,high
edge_057,node_hostel_b_block6,node_mess_pg_pushpagiri,0.015,0.18,walking_path,False,True,estimated,high
edge_058,node_hostel_b_block1,node_hostel_b_block2,0.11,0.44,slow_campus_road,False,True,openstreetmap,high
edge_059,node_hostel_b_block2,node_mess_b2_aravali,0.015,0.18,walking_path,False,True,estimated,high
edge_060,node_hostel_b_block2,node_hostel_b_block3,0.134,0.54,slow_campus_road,False,True,openstreetmap,high
edge_061,node_hostel_b_block3,node_mess_b3_vindhya,0.015,0.18,walking_path,False,True,estimated,high
edge_062,node_hostel_b_block3,node_hostel_b_block4,0.12,0.48,slow_campus_road,False,True,openstreetmap,high
edge_063,node_hostel_b_block4,node_mess_b4_satpura,0.015,0.18,walking_path,False,True,estimated,high
edge_064,node_hostel_b_block4,node_hostel_b_block5,0.136,0.54,slow_campus_road,False,True,openstreetmap,high
edge_065,node_hostel_b_block5,node_mess_b5_nilgiri,0.015,0.18,walking_path,False,True,estimated,high
edge_066,node_hostel_b_block5,node_suprabha_boys,0.07,0.84,walking_path,False,True,openstreetmap,high
edge_067,node_suprabha_boys,node_hostel_b_mt2,0.119,0.48,slow_campus_road,False,True,openstreetmap,high
edge_068,node_suprabha_boys,node_hostel_b_mt3,0.079,0.32,slow_campus_road,False,True,openstreetmap,high
edge_069,node_hostel_b_block8,node_hostel_b_mt3,0.147,0.59,slow_campus_road,False,True,openstreetmap,high
edge_070,node_mess_mega,node_hostel_b_block4,0.198,0.79,slow_campus_road,False,True,openstreetmap,high
