origin_id,destination_id,distance_km
loc_boys_coop,loc_boys_coop,0.0
loc_boys_coop,loc_central_library,0.184
loc_boys_coop,dept_chem,0.499
loc_boys_coop,dept_chemistry,0.124
loc_boys_coop,dept_civil,0.473
loc_boys_coop,dept_cse,0.777
loc_boys_coop,dept_ece,0.802
loc_boys_coop,dept_eee,0.861
loc_boys_coop,dept_hssm,0.201
loc_boys_coop,dept_it,0.836
loc_boys_coop,dept_macs,0.135
loc_boys_coop,dept_mech,0.602
loc_boys_coop,dept_mining,0.423
loc_boys_coop,dept_mme,0.337
loc_boys_coop,dept_physics,0.174
loc_boys_coop,dept_wroe,0.582
loc_boys_coop,loc_e_library,0.26
loc_boys_coop,loc_girls_coop,0.748
loc_boys_coop,hostel_b_block1,0.419
loc_boys_coop,hostel_b_block2,0.529
loc_boys_coop,hostel_b_block3,0.526
loc_boys_coop,hostel_b_block4,0.406
loc_boys_coop,hostel_b_block5,0.449
loc_boys_coop,hostel_b_block6,0.599
loc_boys_coop,hostel_b_block7,0.288
loc_boys_coop,hostel_b_block8,0.178
loc_boys_coop,hostel_b_brahmagiri,0.489
loc_boys_coop,hostel_b_mt1,0.14
loc_boys_coop,hostel_b_mt2,0.26
loc_boys_coop,hostel_b_mt3,0.325
loc_boys_coop,hostel_b_shivalik,0.082
loc_boys_coop,hostel_g_gh1,0.715
loc_boys_coop,hostel_g_gh2,0.654
loc_boys_coop,hostel_g_gh3,0.725
loc_boys_coop,hostel_g_gh4,0.765
loc_boys_coop,hostel_g_gh5,0.758
loc_boys_coop,hostel_g_gh6,0.698
loc_boys_coop,loc_lhc_a,0.161
loc_boys_coop,loc_lhc_b,0.105
loc_boys_coop,loc_main_building,0.293
loc_boys_coop,loc_main_gate,0.427
loc_boys_coop,mess_b1_karavali,0.434
loc_boys_coop,mess_b2_aravali,0.544
loc_boys_coop,mess_b3_vindhya,0.541
loc_boys_coop,mess_b4_satpura,0.421
loc_boys_coop,mess_b5_nilgiri,0.464
loc_boys_coop,mess_b7_sahyadri,0.303
loc_boys_coop,mess_b8_trishul,0.193
loc_boys_coop,mess_gb,0.35
loc_boys_coop,mess_mega,0.208
loc_boys_coop,mess_pg_new_brahmagiri,0.504
loc_boys_coop,mess_pg_pushpagiri,0.614
loc_boys_coop,loc_suprabha_boys,0.379
loc_boys_coop,loc_suprabha_girls,0.763
loc_central_library,loc_boys_coop,0.184
loc_central_library,loc_central_library,0.0
loc_central_library,dept_chem,0.315
loc_central_library,dept_chemistry,0.22
loc_central_library,dept_civil,0.289
loc_central_library,dept_cse,0.593
loc_central_library,dept_ece,0.618
loc_central_library,dept_eee,0.677
loc_central_library,dept_hssm,0.143
loc_central_library,dept_it,0.652
loc_central_library,dept_macs,0.049
loc_central_library,dept_mech,0.418
loc_central_library,dept_mining,0.239
loc_central_library,dept_mme,0.153
loc_central_library,dept_physics,0.17
loc_central_library,dept_wroe,0.398
loc_central_library,loc_e_library,0.076
loc_central_library,loc_girls_coop,0.564
loc_central_library,hostel_b_block1,0.603
loc_central_library,hostel_b_block2,0.713
loc_central_library,hostel_b_block3,0.71
loc_central_library,hostel_b_block4,0.59
loc_central_library,hostel_b_block5,0.633
loc_central_library,hostel_b_block6,0.783
loc_central_library,hostel_b_block7,0.472
loc_central_library,hostel_b_block8,0.362
loc_central_library,hostel_b_brahmagiri,0.673
loc_central_library,hostel_b_mt1,0.324
loc_central_library,hostel_b_mt2,0.444
loc_central_library,hostel_b_mt3,0.509
loc_central_library,hostel_b_shivalik,0.266
loc_central_library,hostel_g_gh1,0.531
loc_central_library,hostel_g_gh2,0.47
loc_central_library,hostel_g_gh3,0.541
loc_central_library,hostel_g_gh4,0.581
loc_central_library,hostel_g_gh5,0.574
loc_central_library,hostel_g_gh6,0.514
loc_central_library,loc_lhc_a,0.023
loc_central_library,loc_lhc_b,0.079
loc_central_library,loc_main_building,0.109
loc_central_library,loc_main_gate,0.243
loc_central_library,mess_b1_karavali,0.618
loc_central_library,mess_b2_aravali,0.728
loc_central_library,mess_b3_vindhya,0.725
loc_central_library,mess_b4_satpura,0.605
loc_central_library,mess_b5_nilgiri,0.648
loc_central_library,mess_b7_sahyadri,0.487
loc_central_library,mess_b8_trishul,0.377
loc_central_library,mess_gb,0.534
loc_central_library,mess_mega,0.392
loc_central_library,mess_pg_new_brahmagiri,0.688
loc_central_library,mess_pg_pushpagiri,0.798
loc_central_library,loc_suprabha_boys,0.563
loc_central_library,loc_suprabha_girls,0.579
dept_chem,loc_boys_coop,0.499
dept_chem,loc_central_library,0.315
dept_chem,dept_chem,0.0
dept_chem,dept_chemistry,0.535
dept_chem,dept_civil,0.384
dept_chem,dept_cse,0.734
dept_chem,dept_ece,0.734
dept_chem,dept_eee,0.793
dept_chem,dept_hssm,0.458
dept_chem,dept_it,0.768
dept_chem,dept_macs,0.364
dept_chem,dept_mech,0.103
dept_chem,dept_mining,0.402
dept_chem,dept_mme,0.162
dept_chem,dept_physics,0.485
dept_chem,dept_wroe,0.275
dept_chem,loc_e_library,0.239
dept_chem,loc_girls_coop,0.249
dept_chem,hostel_b_block1,0.918
dept_chem,hostel_b_block2,1.028
dept_chem,hostel_b_block3,1.025
dept_chem,hostel_b_block4,0.905
dept_chem,hostel_b_block5,0.948
dept_chem,hostel_b_block6,1.098
dept_chem,hostel_b_block7,0.787
dept_chem,hostel_b_block8,0.677
dept_chem,hostel_b_brahmagiri,0.988
dept_chem,hostel_b_mt1,0.639
dept_chem,hostel_b_mt2,0.759
dept_chem,hostel_b_mt3,0.824
dept_chem,hostel_b_shivalik,0.581
dept_chem,hostel_g_gh1,0.425
dept_chem,hostel_g_gh2,0.415
dept_chem,hostel_g_gh3,0.344
dept_chem,hostel_g_gh4,0.304
dept_chem,hostel_g_gh5,0.259
dept_chem,hostel_g_gh6,0.199
dept_chem,loc_lhc_a,0.338
dept_chem,loc_lhc_b,0.394
dept_chem,loc_main_building,0.27
dept_chem,loc_main_gate,0.404
dept_chem,mess_b1_karavali,0.933
dept_chem,mess_b2_aravali,1.043
dept_chem,mess_b3_vindhya,1.04
dept_chem,mess_b4_satpura,0.92
dept_chem,mess_b5_nilgiri,0.963
dept_chem,mess_b7_sahyadri,0.802
dept_chem,mess_b8_trishul,0.692
dept_chem,mess_gb,0.849
dept_chem,mess_mega,0.707
dept_chem,mess_pg_new_brahmagiri,1.003
dept_chem,mess_pg_pushpagiri,1.113
dept_chem,loc_suprabha_boys,0.878
dept_chem,loc_suprabha_girls,0.264
dept_chemistry,loc_boys_coop,0.124
dept_chemistry,loc_central_library,0.22
dept_chemistry,dept_chem,0.535
dept_chemistry,dept_chemistry,0.0
dept_chemistry,dept_civil,0.509
dept_chemistry,dept_cse,0.813
dept_chemistry,dept_ece,0.838
dept_chemistry,dept_eee,0.897
dept_chemistry,dept_hssm,0.077
dept_chemistry,dept_it,0.872
dept_chemistry,dept_macs,0.171
dept_chemistry,dept_mech,0.638
dept_chemistry,dept_mining,0.459
dept_chemistry,dept_mme,0.373
dept_chemistry,dept_physics,0.05
dept_chemistry,dept_wroe,0.618
dept_chemistry,loc_e_library,0.296
dept_chemistry,loc_girls_coop,0.784
dept_chemistry,hostel_b_block1,0.543
dept_chemistry,hostel_b_block2,0.653
dept_chemistry,hostel_b_block3,0.65
dept_chemistry,hostel_b_block4,0.53
dept_chemistry,hostel_b_block5,0.573
dept_chemistry,hostel_b_block6,0.723
dept_chemistry,hostel_b_block7,0.412
dept_chemistry,hostel_b_block8,0.302
dept_chemistry,hostel_b_brahmagiri,0.613
dept_chemistry,hostel_b_mt1,0.264
dept_chemistry,hostel_b_mt2,0.384
dept_chemistry,hostel_b_mt3,0.449
dept_chemistry,hostel_b_shivalik,0.206
dept_chemistry,hostel_g_gh1,0.751
dept_chemistry,hostel_g_gh2,0.69
dept_chemistry,hostel_g_gh3,0.761
dept_chemistry,hostel_g_gh4,0.801
dept_chemistry,hostel_g_gh5,0.794
dept_chemistry,hostel_g_gh6,0.734
dept_chemistry,loc_lhc_a,0.243
dept_chemistry,loc_lhc_b,0.201
dept_chemistry,loc_main_building,0.329
dept_chemistry,loc_main_gate,0.463
dept_chemistry,mess_b1_karavali,0.558
dept_chemistry,mess_b2_aravali,0.668
dept_chemistry,mess_b3_vindhya,0.665
dept_chemistry,mess_b4_satpura,0.545
dept_chemistry,mess_b5_nilgiri,0.588
dept_chemistry,mess_b7_sahyadri,0.427
dept_chemistry,mess_b8_trishul,0.317
dept_chemistry,mess_gb,0.474
dept_chemistry,mess_mega,0.332
dept_chemistry,mess_pg_new_brahmagiri,0.628
dept_chemistry,mess_pg_pushpagiri,0.738
dept_chemistry,loc_suprabha_boys,0.503
dept_chemistry,loc_suprabha_girls,0.799
dept_civil,loc_boys_coop,0.473
dept_civil,loc_central_library,0.289
dept_civil,dept_chem,0.384
dept_civil,dept_chemistry,0.509
dept_civil,dept_civil,0.0
dept_civil,dept_cse,0.35
dept_civil,dept_ece,0.35
dept_civil,dept_eee,0.409
dept_civil,dept_hssm,0.432
dept_civil,dept_it,0.384
dept_civil,dept_macs,0.338
dept_civil,dept_mech,0.281
dept_civil,dept_mining,0.05
dept_civil,dept_mme,0.29
dept_civil,dept_physics,0.459
dept_civil,dept_wroe,0.109
dept_civil,loc_e_library,0.306
dept_civil,loc_girls_coop,0.367
dept_civil,hostel_b_block1,0.892
dept_civil,hostel_b_block2,1.002
dept_civil,hostel_b_block3,0.999
dept_civil,hostel_b_block4,0.879
dept_civil,hostel_b_block5,0.922
dept_civil,hostel_b_block6,1.072
dept_civil,hostel_b_block7,0.761
dept_civil,hostel_b_block8,0.651
dept_civil,hostel_b_brahmagiri,0.962
dept_civil,hostel_b_mt1,0.613
dept_civil,hostel_b_mt2,0.733
dept_civil,hostel_b_mt3,0.798
dept_civil,hostel_b_shivalik,0.555
dept_civil,hostel_g_gh1,0.242
dept_civil,hostel_g_gh2,0.181
dept_civil,hostel_g_gh3,0.252
dept_civil,hostel_g_gh4,0.292
dept_civil,hostel_g_gh5,0.337
dept_civil,hostel_g_gh6,0.377
dept_civil,loc_lhc_a,0.312
dept_civil,loc_lhc_b,0.368
dept_civil,loc_main_building,0.182
dept_civil,loc_main_gate,0.162
dept_civil,mess_b1_karavali,0.907
dept_civil,mess_b2_aravali,1.017
dept_civil,mess_b3_vindhya,1.014
dept_civil,mess_b4_satpura,0.894
dept_civil,mess_b5_nilgiri,0.937
dept_civil,mess_b7_sahyadri,0.776
dept_civil,mess_b8_trishul,0.666
dept_civil,mess_gb,0.823
dept_civil,mess_mega,0.681
dept_civil,mess_pg_new_brahmagiri,0.977
dept_civil,mess_pg_pushpagiri,1.087
dept_civil,loc_suprabha_boys,0.852
dept_civil,loc_suprabha_girls,0.382
dept_cse,loc_boys_coop,0.777
dept_cse,loc_central_library,0.593
dept_cse,dept_chem,0.734
dept_cse,dept_chemistry,0.813
dept_cse,dept_civil,0.35
dept_cse,dept_cse,0.0
dept_cse,dept_ece,0.025
dept_cse,dept_eee,0.084
dept_cse,dept_hssm,0.736
dept_cse,dept_it,0.059
dept_cse,dept_macs,0.642
dept_cse,dept_mech,0.631
dept_cse,dept_mining,0.4
dept_cse,dept_mme,0.592
dept_cse,dept_physics,0.763
dept_cse,dept_wroe,0.459
dept_cse,loc_e_library,0.608
dept_cse,loc_girls_coop,0.717
dept_cse,hostel_b_block1,1.196
dept_cse,hostel_b_block2,1.306
dept_cse,hostel_b_block3,1.303
dept_cse,hostel_b_block4,1.183
dept_cse,hostel_b_block5,1.226
dept_cse,hostel_b_block6,1.376
dept_cse,hostel_b_block7,1.065
dept_cse,hostel_b_block8,0.955
dept_cse,hostel_b_brahmagiri,1.266
dept_cse,hostel_b_mt1,0.917
dept_cse,hostel_b_mt2,1.037
dept_cse,hostel_b_mt3,1.102
dept_cse,hostel_b_shivalik,0.859
dept_cse,hostel_g_gh1,0.592
dept_cse,hostel_g_gh2,0.531
dept_cse,hostel_g_gh3,0.602
dept_cse,hostel_g_gh4,0.642
dept_cse,hostel_g_gh5,0.687
dept_cse,hostel_g_gh6,0.727
dept_cse,loc_lhc_a,0.616
dept_cse,loc_lhc_b,0.672
dept_cse,loc_main_building,0.484
dept_cse,loc_main_gate,0.35
dept_cse,mess_b1_karavali,1.211
dept_cse,mess_b2_aravali,1.321
dept_cse,mess_b3_vindhya,1.318
dept_cse,mess_b4_satpura,1.198
dept_cse,mess_b5_nilgiri,1.241
dept_cse,mess_b7_sahyadri,1.08
dept_cse,mess_b8_trishul,0.97
dept_cse,mess_gb,1.127
dept_cse,mess_mega,0.985
dept_cse,mess_pg_new_brahmagiri,1.281
dept_cse,mess_pg_pushpagiri,1.391
dept_cse,loc_suprabha_boys,1.156
dept_cse,loc_suprabha_girls,0.732
dept_ece,loc_boys_coop,0.802
dept_ece,loc_central_library,0.618
dept_ece,dept_chem,0.734
dept_ece,dept_chemistry,0.838
dept_ece,dept_civil,0.35
dept_ece,dept_cse,0.025
dept_ece,dept_ece,0.0
dept_ece,dept_eee,0.059
dept_ece,dept_hssm,0.761
dept_ece,dept_it,0.034
dept_ece,dept_macs,0.667
dept_ece,dept_mech,0.631
dept_ece,dept_mining,0.4
dept_ece,dept_mme,0.617
dept_ece,dept_physics,0.788
dept_ece,dept_wroe,0.459
dept_ece,loc_e_library,0.633
dept_ece,loc_girls_coop,0.717
dept_ece,hostel_b_block1,1.221
dept_ece,hostel_b_block2,1.331
dept_ece,hostel_b_block3,1.328
dept_ece,hostel_b_block4,1.208
dept_ece,hostel_b_block5,1.251
dept_ece,hostel_b_block6,1.401
dept_ece,hostel_b_block7,1.09
dept_ece,hostel_b_block8,0.98
dept_ece,hostel_b_brahmagiri,1.291
dept_ece,hostel_b_mt1,0.942
dept_ece,hostel_b_mt2,1.062
dept_ece,hostel_b_mt3,1.127
dept_ece,hostel_b_shivalik,0.884
dept_ece,hostel_g_gh1,0.592
dept_ece,hostel_g_gh2,0.531
dept_ece,hostel_g_gh3,0.602
dept_ece,hostel_g_gh4,0.642
dept_ece,hostel_g_gh5,0.687
dept_ece,hostel_g_gh6,0.727
dept_ece,loc_lhc_a,0.641
dept_ece,loc_lhc_b,0.697
dept_ece,loc_main_building,0.509
dept_ece,loc_main_gate,0.375
dept_ece,mess_b1_karavali,1.236
dept_ece,mess_b2_aravali,1.346
dept_ece,mess_b3_vindhya,1.343
dept_ece,mess_b4_satpura,1.223
dept_ece,mess_b5_nilgiri,1.266
dept_ece,mess_b7_sahyadri,1.105
dept_ece,mess_b8_trishul,0.995
dept_ece,mess_gb,1.152
dept_ece,mess_mega,1.01
dept_ece,mess_pg_new_brahmagiri,1.306
dept_ece,mess_pg_pushpagiri,1.416
dept_ece,loc_suprabha_boys,1.181
dept_ece,loc_suprabha_girls,0.732
dept_eee,loc_boys_coop,0.861
dept_eee,loc_central_library,0.677
dept_eee,dept_chem,0.793
dept_eee,dept_chemistry,0.897
dept_eee,dept_civil,0.409
dept_eee,dept_cse,0.084
dept_eee,dept_ece,0.059
dept_eee,dept_eee,0.0
dept_eee,dept_hssm,0.82
dept_eee,dept_it,0.025
dept_eee,dept_macs,0.726
dept_eee,dept_mech,0.69
dept_eee,dept_mining,0.459
dept_eee,dept_mme,0.676
dept_eee,dept_physics,0.847
dept_eee,dept_wroe,0.518
dept_eee,loc_e_library,0.692
dept_eee,loc_girls_coop,0.776
dept_eee,hostel_b_block1,1.28
dept_eee,hostel_b_block2,1.39
dept_eee,hostel_b_block3,1.387
dept_eee,hostel_b_block4,1.267
dept_eee,hostel_b_block5,1.31
dept_eee,hostel_b_block6,1.46
dept_eee,hostel_b_block7,1.149
dept_eee,hostel_b_block8,1.039
dept_eee,hostel_b_brahmagiri,1.35
dept_eee,hostel_b_mt1,1.001
dept_eee,hostel_b_mt2,1.121
dept_eee,hostel_b_mt3,1.186
dept_eee,hostel_b_shivalik,0.943
dept_eee,hostel_g_gh1,0.651
dept_eee,hostel_g_gh2,0.59
dept_eee,hostel_g_gh3,0.661
dept_eee,hostel_g_gh4,0.701
dept_eee,hostel_g_gh5,0.746
dept_eee,hostel_g_gh6,0.786
dept_eee,loc_lhc_a,0.7
dept_eee,loc_lhc_b,0.756
dept_eee,loc_main_building,0.568
dept_eee,loc_main_gate,0.434
dept_eee,mess_b1_karavali,1.295
dept_eee,mess_b2_aravali,1.405
dept_eee,mess_b3_vindhya,1.402
dept_eee,mess_b4_satpura,1.282
dept_eee,mess_b5_nilgiri,1.325
dept_eee,mess_b7_sahyadri,1.164
dept_eee,mess_b8_trishul,1.054
dept_eee,mess_gb,1.211
dept_eee,mess_mega,1.069
dept_eee,mess_pg_new_brahmagiri,1.365
dept_eee,mess_pg_pushpagiri,1.475
dept_eee,loc_suprabha_boys,1.24
dept_eee,loc_suprabha_girls,0.791
dept_hssm,loc_boys_coop,0.201
dept_hssm,loc_central_library,0.143
dept_hssm,dept_chem,0.458
dept_hssm,dept_chemistry,0.077
dept_hssm,dept_civil,0.432
dept_hssm,dept_cse,0.736
dept_hssm,dept_ece,0.761
dept_hssm,dept_eee,0.82
dept_hssm,dept_hssm,0.0
dept_hssm,dept_it,0.795
dept_hssm,dept_macs,0.094
dept_hssm,dept_mech,0.561
dept_hssm,dept_mining,0.382
dept_hssm,dept_mme,0.296
dept_hssm,dept_physics,0.027
dept_hssm,dept_wroe,0.541
dept_hssm,loc_e_library,0.219
dept_hssm,loc_girls_coop,0.707
dept_hssm,hostel_b_block1,0.62
dept_hssm,hostel_b_block2,0.73
dept_hssm,hostel_b_block3,0.727
dept_hssm,hostel_b_block4,0.607
dept_hssm,hostel_b_block5,0.65
dept_hssm,hostel_b_block6,0.8
dept_hssm,hostel_b_block7,0.489
dept_hssm,hostel_b_block8,0.379
dept_hssm,hostel_b_brahmagiri,0.69
dept_hssm,hostel_b_mt1,0.341
dept_hssm,hostel_b_mt2,0.461
dept_hssm,hostel_b_mt3,0.526
dept_hssm,hostel_b_shivalik,0.283
dept_hssm,hostel_g_gh1,0.674
dept_hssm,hostel_g_gh2,0.613
dept_hssm,hostel_g_gh3,0.684
dept_hssm,hostel_g_gh4,0.724
dept_hssm,hostel_g_gh5,0.717
dept_hssm,hostel_g_gh6,0.657
dept_hssm,loc_lhc_a,0.166
dept_hssm,loc_lhc_b,0.124
dept_hssm,loc_main_building,0.252
dept_hssm,loc_main_gate,0.386
dept_hssm,mess_b1_karavali,0.635
dept_hssm,mess_b2_aravali,0.745
dept_hssm,mess_b3_vindhya,0.742
dept_hssm,mess_b4_satpura,0.622
dept_hssm,mess_b5_nilgiri,0.665
dept_hssm,mess_b7_sahyadri,0.504
dept_hssm,mess_b8_trishul,0.394
dept_hssm,mess_gb,0.551
dept_hssm,mess_mega,0.409
dept_hssm,mess_pg_new_brahmagiri,0.705
dept_hssm,mess_pg_pushpagiri,0.815
dept_hssm,loc_suprabha_boys,0.58
dept_hssm,loc_suprabha_girls,0.722
dept_it,loc_boys_coop,0.836
dept_it,loc_central_library,0.652
dept_it,dept_chem,0.768
dept_it,dept_chemistry,0.872
dept_it,dept_civil,0.384
dept_it,dept_cse,0.059
dept_it,dept_ece,0.034
dept_it,dept_eee,0.025
dept_it,dept_hssm,0.795
dept_it,dept_it,0.0
dept_it,dept_macs,0.701
dept_it,dept_mech,0.665
dept_it,dept_mining,0.434
dept_it,dept_mme,0.651
dept_it,dept_physics,0.822
dept_it,dept_wroe,0.493
dept_it,loc_e_library,0.667
dept_it,loc_girls_coop,0.751
dept_it,hostel_b_block1,1.255
dept_it,hostel_b_block2,1.365
dept_it,hostel_b_block3,1.362
dept_it,hostel_b_block4,1.242
dept_it,hostel_b_block5,1.285
dept_it,hostel_b_block6,1.435
dept_it,hostel_b_block7,1.124
dept_it,hostel_b_block8,1.014
dept_it,hostel_b_brahmagiri,1.325
dept_it,hostel_b_mt1,0.976
dept_it,hostel_b_mt2,1.096
dept_it,hostel_b_mt3,1.161
dept_it,hostel_b_shivalik,0.918
dept_it,hostel_g_gh1,0.626
dept_it,hostel_g_gh2,0.565
dept_it,hostel_g_gh3,0.636
dept_it,hostel_g_gh4,0.676
dept_it,hostel_g_gh5,0.721
dept_it,hostel_g_gh6,0.761
dept_it,loc_lhc_a,0.675
dept_it,loc_lhc_b,0.731
dept_it,loc_main_building,0.543
dept_it,loc_main_gate,0.409
dept_it,mess_b1_karavali,1.27
dept_it,mess_b2_aravali,1.38
dept_it,mess_b3_vindhya,1.377
dept_it,mess_b4_satpura,1.257
dept_it,mess_b5_nilgiri,1.3
dept_it,mess_b7_sahyadri,1.139
dept_it,mess_b8_trishul,1.029
dept_it,mess_gb,1.186
dept_it,mess_mega,1.044
dept_it,mess_pg_new_brahmagiri,1.34
dept_it,mess_pg_pushpagiri,1.45
dept_it,loc_suprabha_boys,1.215
dept_it,loc_suprabha_girls,0.766
dept_macs,loc_boys_coop,0.135
dept_macs,loc_central_library,0.049
dept_macs,dept_chem,0.364
dept_macs,dept_chemistry,0.171
dept_macs,dept_civil,0.338
dept_macs,dept_cse,0.642
dept_macs,dept_ece,0.667
dept_macs,dept_eee,0.726
dept_macs,dept_hssm,0.094
dept_macs,dept_it,0.701
dept_macs,dept_macs,0.0
dept_macs,dept_mech,0.467
dept_macs,dept_mining,0.288
dept_macs,dept_mme,0.202
dept_macs,dept_physics,0.121
dept_macs,dept_wroe,0.447
dept_macs,loc_e_library,0.125
dept_macs,loc_girls_coop,0.613
dept_macs,hostel_b_block1,0.554
dept_macs,hostel_b_block2,0.664
dept_macs,hostel_b_block3,0.661
dept_macs,hostel_b_block4,0.541
dept_macs,hostel_b_block5,0.584
dept_macs,hostel_b_block6,0.734
dept_macs,hostel_b_block7,0.423
dept_macs,hostel_b_block8,0.313
dept_macs,hostel_b_brahmagiri,0.624
dept_macs,hostel_b_mt1,0.275
dept_macs,hostel_b_mt2,0.395
dept_macs,hostel_b_mt3,0.46
dept_macs,hostel_b_shivalik,0.217
dept_macs,hostel_g_gh1,0.58
dept_macs,hostel_g_gh2,0.519
dept_macs,hostel_g_gh3,0.59
dept_macs,hostel_g_gh4,0.63
dept_macs,hostel_g_gh5,0.623
dept_macs,hostel_g_gh6,0.563
dept_macs,loc_lhc_a,0.072
dept_macs,loc_lhc_b,0.03
dept_macs,loc_main_building,0.158
dept_macs,loc_main_gate,0.292
dept_macs,mess_b1_karavali,0.569
dept_macs,mess_b2_aravali,0.679
dept_macs,mess_b3_vindhya,0.676
dept_macs,mess_b4_satpura,0.556
dept_macs,mess_b5_nilgiri,0.599
dept_macs,mess_b7_sahyadri,0.438
dept_macs,mess_b8_trishul,0.328
dept_macs,mess_gb,0.485
dept_macs,mess_mega,0.343
dept_macs,mess_pg_new_brahmagiri,0.639
dept_macs,mess_pg_pushpagiri,0.749
dept_macs,loc_suprabha_boys,0.514
dept_macs,loc_suprabha_girls,0.628
dept_mech,loc_boys_coop,0.602
dept_mech,loc_central_library,0.418
dept_mech,dept_chem,0.103
dept_mech,dept_chemistry,0.638
dept_mech,dept_civil,0.281
dept_mech,dept_cse,0.631
dept_mech,dept_ece,0.631
dept_mech,dept_eee,0.69
dept_mech,dept_hssm,0.561
dept_mech,dept_it,0.665
dept_mech,dept_macs,0.467
dept_mech,dept_mech,0.0
dept_mech,dept_mining,0.331
dept_mech,dept_mme,0.265
dept_mech,dept_physics,0.588
dept_mech,dept_wroe,0.172
dept_mech,loc_e_library,0.342
dept_mech,loc_girls_coop,0.146
dept_mech,hostel_b_block1,1.021
dept_mech,hostel_b_block2,1.131
dept_mech,hostel_b_block3,1.128
dept_mech,hostel_b_block4,1.008
dept_mech,hostel_b_block5,1.051
dept_mech,hostel_b_block6,1.201
dept_mech,hostel_b_block7,0.89
dept_mech,hostel_b_block8,0.78
dept_mech,hostel_b_brahmagiri,1.091
dept_mech,hostel_b_mt1,0.742
dept_mech,hostel_b_mt2,0.862
dept_mech,hostel_b_mt3,0.927
dept_mech,hostel_b_shivalik,0.684
dept_mech,hostel_g_gh1,0.322
dept_mech,hostel_g_gh2,0.312
dept_mech,hostel_g_gh3,0.241
dept_mech,hostel_g_gh4,0.201
dept_mech,hostel_g_gh5,0.156
dept_mech,hostel_g_gh6,0.096
dept_mech,loc_lhc_a,0.441
dept_mech,loc_lhc_b,0.497
dept_mech,loc_main_building,0.373
dept_mech,loc_main_gate,0.443
dept_mech,mess_b1_karavali,1.036
dept_mech,mess_b2_aravali,1.146
dept_mech,mess_b3_vindhya,1.143
dept_mech,mess_b4_satpura,1.023
dept_mech,mess_b5_nilgiri,1.066
dept_mech,mess_b7_sahyadri,0.905
dept_mech,mess_b8_trishul,0.795
dept_mech,mess_gb,0.952
dept_mech,mess_mega,0.81
dept_mech,mess_pg_new_brahmagiri,1.106
dept_mech,mess_pg_pushpagiri,1.216
dept_mech,loc_suprabha_boys,0.981
dept_mech,loc_suprabha_girls,0.161
dept_mining,loc_boys_coop,0.423
dept_mining,loc_central_library,0.239
dept_mining,dept_chem,0.402
dept_mining,dept_chemistry,0.459
dept_mining,dept_civil,0.05
dept_mining,dept_cse,0.4
dept_mining,dept_ece,0.4
dept_mining,dept_eee,0.459
dept_mining,dept_hssm,0.382
dept_mining,dept_it,0.434
dept_mining,dept_macs,0.288
dept_mining,dept_mech,0.331
dept_mining,dept_mining,0.0
dept_mining,dept_mme,0.24
dept_mining,dept_physics,0.409
dept_mining,dept_wroe,0.159
dept_mining,loc_e_library,0.256
dept_mining,loc_girls_coop,0.417
dept_mining,hostel_b_block1,0.842
dept_mining,hostel_b_block2,0.952
dept_mining,hostel_b_block3,0.949
dept_mining,hostel_b_block4,0.829
dept_mining,hostel_b_block5,0.872
dept_mining,hostel_b_block6,1.022
dept_mining,hostel_b_block7,0.711
dept_mining,hostel_b_block8,0.601
dept_mining,hostel_b_brahmagiri,0.912
dept_mining,hostel_b_mt1,0.563
dept_mining,hostel_b_mt2,0.683
dept_mining,hostel_b_mt3,0.748
dept_mining,hostel_b_shivalik,0.505
dept_mining,hostel_g_gh1,0.292
dept_mining,hostel_g_gh2,0.231
dept_mining,hostel_g_gh3,0.302
dept_mining,hostel_g_gh4,0.342
dept_mining,hostel_g_gh5,0.387
dept_mining,hostel_g_gh6,0.427
dept_mining,loc_lhc_a,0.262
dept_mining,loc_lhc_b,0.318
dept_mining,loc_main_building,0.132
dept_mining,loc_main_gate,0.212
dept_mining,mess_b1_karavali,0.857
dept_mining,mess_b2_aravali,0.967
dept_mining,mess_b3_vindhya,0.964
dept_mining,mess_b4_satpura,0.844
dept_mining,mess_b5_nilgiri,0.887
dept_mining,mess_b7_sahyadri,0.726
dept_mining,mess_b8_trishul,0.616
dept_mining,mess_gb,0.773
dept_mining,mess_mega,0.631
dept_mining,mess_pg_new_brahmagiri,0.927
dept_mining,mess_pg_pushpagiri,1.037
dept_mining,loc_suprabha_boys,0.802
dept_mining,loc_suprabha_girls,0.432
dept_mme,loc_boys_coop,0.337
dept_mme,loc_central_library,0.153
dept_mme,dept_chem,0.162
dept_mme,dept_chemistry,0.373
dept_mme,dept_civil,0.29
dept_mme,dept_cse,0.592
dept_mme,dept_ece,0.617
dept_mme,dept_eee,0.676
dept_mme,dept_hssm,0.296
dept_mme,dept_it,0.651
dept_mme,dept_macs,0.202
dept_mme,dept_mech,0.265
dept_mme,dept_mining,0.24
dept_mme,dept_mme,0.0
dept_mme,dept_physics,0.323
dept_mme,dept_wroe,0.399
dept_mme,loc_e_library,0.077
dept_mme,loc_girls_coop,0.411
dept_mme,hostel_b_block1,0.756
dept_mme,hostel_b_block2,0.866
dept_mme,hostel_b_block3,0.863
dept_mme,hostel_b_block4,0.743
dept_mme,hostel_b_block5,0.786
dept_mme,hostel_b_block6,0.936
dept_mme,hostel_b_block7,0.625
dept_mme,hostel_b_block8,0.515
dept_mme,hostel_b_brahmagiri,0.826
dept_mme,hostel_b_mt1,0.477
dept_mme,hostel_b_mt2,0.597
dept_mme,hostel_b_mt3,0.662
dept_mme,hostel_b_shivalik,0.419
dept_mme,hostel_g_gh1,0.532
dept_mme,hostel_g_gh2,0.471
dept_mme,hostel_g_gh3,0.506
dept_mme,hostel_g_gh4,0.466
dept_mme,hostel_g_gh5,0.421
dept_mme,hostel_g_gh6,0.361
dept_mme,loc_lhc_a,0.176
dept_mme,loc_lhc_b,0.232
dept_mme,loc_main_building,0.108
dept_mme,loc_main_gate,0.242
dept_mme,mess_b1_karavali,0.771
dept_mme,mess_b2_aravali,0.881
dept_mme,mess_b3_vindhya,0.878
dept_mme,mess_b4_satpura,0.758
dept_mme,mess_b5_nilgiri,0.801
dept_mme,mess_b7_sahyadri,0.64
dept_mme,mess_b8_trishul,0.53
dept_mme,mess_gb,0.687
dept_mme,mess_mega,0.545
dept_mme,mess_pg_new_brahmagiri,0.841
dept_mme,mess_pg_pushpagiri,0.951
dept_mme,loc_suprabha_boys,0.716
dept_mme,loc_suprabha_girls,0.426
dept_physics,loc_boys_coop,0.174
dept_physics,loc_central_library,0.17
dept_physics,dept_chem,0.485
dept_physics,dept_chemistry,0.05
dept_physics,dept_civil,0.459
dept_physics,dept_cse,0.763
dept_physics,dept_ece,0.788
dept_physics,dept_eee,0.847
dept_physics,dept_hssm,0.027
dept_physics,dept_it,0.822
dept_physics,dept_macs,0.121
dept_physics,dept_mech,0.588
dept_physics,dept_mining,0.409
dept_physics,dept_mme,0.323
dept_physics,dept_physics,0.0
dept_physics,dept_wroe,0.568
dept_physics,loc_e_library,0.246
dept_physics,loc_girls_coop,0.734
dept_physics,hostel_b_block1,0.593
dept_physics,hostel_b_block2,0.703
dept_physics,hostel_b_block3,0.7
dept_physics,hostel_b_block4,0.58
dept_physics,hostel_b_block5,0.623
dept_physics,hostel_b_block6,0.773
dept_physics,hostel_b_block7,0.462
dept_physics,hostel_b_block8,0.352
dept_physics,hostel_b_brahmagiri,0.663
dept_physics,hostel_b_mt1,0.314
dept_physics,hostel_b_mt2,0.434
dept_physics,hostel_b_mt3,0.499
dept_physics,hostel_b_shivalik,0.256
dept_physics,hostel_g_gh1,0.701
dept_physics,hostel_g_gh2,0.64
dept_physics,hostel_g_gh3,0.711
dept_physics,hostel_g_gh4,0.751
dept_physics,hostel_g_gh5,0.744
dept_physics,hostel_g_gh6,0.684
dept_physics,loc_lhc_a,0.193
dept_physics,loc_lhc_b,0.151
dept_physics,loc_main_building,0.279
dept_physics,loc_main_gate,0.413
dept_physics,mess_b1_karavali,0.608
dept_physics,mess_b2_aravali,0.718
dept_physics,mess_b3_vindhya,0.715
dept_physics,mess_b4_satpura,0.595
dept_physics,mess_b5_nilgiri,0.638
dept_physics,mess_b7_sahyadri,0.477
dept_physics,mess_b8_trishul,0.367
dept_physics,mess_gb,0.524
dept_physics,mess_mega,0.382
dept_physics,mess_pg_new_brahmagiri,0.678
dept_physics,mess_pg_pushpagiri,0.788
dept_physics,loc_suprabha_boys,0.553
dept_physics,loc_suprabha_girls,0.749
dept_wroe,loc_boys_coop,0.582
dept_wroe,loc_central_library,0.398
dept_wroe,dept_chem,0.275
dept_wroe,dept_chemistry,0.618
dept_wroe,dept_civil,0.109
dept_wroe,dept_cse,0.459
dept_wroe,dept_ece,0.459
dept_wroe,dept_eee,0.518
dept_wroe,dept_hssm,0.541
dept_wroe,dept_it,0.493
dept_wroe,dept_macs,0.447
dept_wroe,dept_mech,0.172
dept_wroe,dept_mining,0.159
dept_wroe,dept_mme,0.399
dept_wroe,dept_physics,0.568
dept_wroe,dept_wroe,0.0
dept_wroe,loc_e_library,0.415
dept_wroe,loc_girls_coop,0.318
dept_wroe,hostel_b_block1,1.001
dept_wroe,hostel_b_block2,1.111
dept_wroe,hostel_b_block3,1.108
dept_wroe,hostel_b_block4,0.988
dept_wroe,hostel_b_block5,1.031
dept_wroe,hostel_b_block6,1.181
dept_wroe,hostel_b_block7,0.87
dept_wroe,hostel_b_block8,0.76
dept_wroe,hostel_b_brahmagiri,1.071
dept_wroe,hostel_b_mt1,0.722
dept_wroe,hostel_b_mt2,0.842
dept_wroe,hostel_b_mt3,0.907
dept_wroe,hostel_b_shivalik,0.664
dept_wroe,hostel_g_gh1,0.15
dept_wroe,hostel_g_gh2,0.211
dept_wroe,hostel_g_gh3,0.282
dept_wroe,hostel_g_gh4,0.322
dept_wroe,hostel_g_gh5,0.328
dept_wroe,hostel_g_gh6,0.268
dept_wroe,loc_lhc_a,0.421
dept_wroe,loc_lhc_b,0.477
dept_wroe,loc_main_building,0.291
dept_wroe,loc_main_gate,0.271
dept_wroe,mess_b1_karavali,1.016
dept_wroe,mess_b2_aravali,1.126
dept_wroe,mess_b3_vindhya,1.123
dept_wroe,mess_b4_satpura,1.003
dept_wroe,mess_b5_nilgiri,1.046
dept_wroe,mess_b7_sahyadri,0.885
dept_wroe,mess_b8_trishul,0.775
dept_wroe,mess_gb,0.932
dept_wroe,mess_mega,0.79
dept_wroe,mess_pg_new_brahmagiri,1.086
dept_wroe,mess_pg_pushpagiri,1.196
dept_wroe,loc_suprabha_boys,0.961
dept_wroe,loc_suprabha_girls,0.333
loc_e_library,loc_boys_coop,0.26
loc_e_library,loc_central_library,0.076
loc_e_library,dept_chem,0.239
loc_e_library,dept_chemistry,0.296
loc_e_library,dept_civil,0.306
loc_e_library,dept_cse,0.608
loc_e_library,dept_ece,0.633
loc_e_library,dept_eee,0.692
loc_e_library,dept_hssm,0.219
loc_e_library,dept_it,0.667
loc_e_library,dept_macs,0.125
loc_e_library,dept_mech,0.342
loc_e_library,dept_mining,0.256
loc_e_library,dept_mme,0.077
loc_e_library,dept_physics,0.246
loc_e_library,dept_wroe,0.415
loc_e_library,loc_e_library,0.0
loc_e_library,loc_girls_coop,0.488
loc_e_library,hostel_b_block1,0.679
loc_e_library,hostel_b_block2,0.789
loc_e_library,hostel_b_block3,0.786
loc_e_library,hostel_b_block4,0.666
loc_e_library,hostel_b_block5,0.709
loc_e_library,hostel_b_block6,0.859
loc_e_library,hostel_b_block7,0.548
loc_e_library,hostel_b_block8,0.438
loc_e_library,hostel_b_brahmagiri,0.749
loc_e_library,hostel_b_mt1,0.4
loc_e_library,hostel_b_mt2,0.52
loc_e_library,hostel_b_mt3,0.585
loc_e_library,hostel_b_shivalik,0.342
loc_e_library,hostel_g_gh1,0.548
loc_e_library,hostel_g_gh2,0.487
loc_e_library,hostel_g_gh3,0.558
loc_e_library,hostel_g_gh4,0.543
loc_e_library,hostel_g_gh5,0.498
loc_e_library,hostel_g_gh6,0.438
loc_e_library,loc_lhc_a,0.099
loc_e_library,loc_lhc_b,0.155
loc_e_library,loc_main_building,0.124
loc_e_library,loc_main_gate,0.258
loc_e_library,mess_b1_karavali,0.694
loc_e_library,mess_b2_aravali,0.804
loc_e_library,mess_b3_vindhya,0.801
loc_e_library,mess_b4_satpura,0.681
loc_e_library,mess_b5_nilgiri,0.724
loc_e_library,mess_b7_sahyadri,0.563
loc_e_library,mess_b8_trishul,0.453
loc_e_library,mess_gb,0.61
loc_e_library,mess_mega,0.468
loc_e_library,mess_pg_new_brahmagiri,0.764
loc_e_library,mess_pg_pushpagiri,0.874
loc_e_library,loc_suprabha_boys,0.639
loc_e_library,loc_suprabha_girls,0.503
loc_girls_coop,loc_boys_coop,0.748
loc_girls_coop,loc_central_library,0.564
loc_girls_coop,dept_chem,0.249
loc_girls_coop,dept_chemistry,0.784
loc_girls_coop,dept_civil,0.367
loc_girls_coop,dept_cse,0.717
loc_girls_coop,dept_ece,0.717
loc_girls_coop,dept_eee,0.776
loc_girls_coop,dept_hssm,0.707
loc_girls_coop,dept_it,0.751
loc_girls_coop,dept_macs,0.613
loc_girls_coop,dept_mech,0.146
loc_girls_coop,dept_mining,0.417
loc_girls_coop,dept_mme,0.411
loc_girls_coop,dept_physics,0.734
loc_girls_coop,dept_wroe,0.318
loc_girls_coop,loc_e_library,0.488
loc_girls_coop,loc_girls_coop,0.0
loc_girls_coop,hostel_b_block1,1.167
loc_girls_coop,hostel_b_block2,1.277
loc_girls_coop,hostel_b_block3,1.274
loc_girls_coop,hostel_b_block4,1.154
loc_girls_coop,hostel_b_block5,1.197
loc_girls_coop,hostel_b_block6,1.347
loc_girls_coop,hostel_b_block7,1.036
loc_girls_coop,hostel_b_block8,0.926
loc_girls_coop,hostel_b_brahmagiri,1.237
loc_girls_coop,hostel_b_mt1,0.888
loc_girls_coop,hostel_b_mt2,1.008
loc_girls_coop,hostel_b_mt3,1.073
loc_girls_coop,hostel_b_shivalik,0.83
loc_girls_coop,hostel_g_gh1,0.247
loc_girls_coop,hostel_g_gh2,0.186
loc_girls_coop,hostel_g_gh3,0.115
loc_girls_coop,hostel_g_gh4,0.075
loc_girls_coop,hostel_g_gh5,0.11
loc_girls_coop,hostel_g_gh6,0.05
loc_girls_coop,loc_lhc_a,0.587
loc_girls_coop,loc_lhc_b,0.643
loc_girls_coop,loc_main_building,0.519
loc_girls_coop,loc_main_gate,0.529
loc_girls_coop,mess_b1_karavali,1.182
loc_girls_coop,mess_b2_aravali,1.292
loc_girls_coop,mess_b3_vindhya,1.289
loc_girls_coop,mess_b4_satpura,1.169
loc_girls_coop,mess_b5_nilgiri,1.212
loc_girls_coop,mess_b7_sahyadri,1.051
loc_girls_coop,mess_b8_trishul,0.941
loc_girls_coop,mess_gb,1.098
loc_girls_coop,mess_mega,0.956
loc_girls_coop,mess_pg_new_brahmagiri,1.252
loc_girls_coop,mess_pg_pushpagiri,1.362
loc_girls_coop,loc_suprabha_boys,1.127
loc_girls_coop,loc_suprabha_girls,0.015
hostel_b_block1,loc_boys_coop,0.419
hostel_b_block1,loc_central_library,0.603
hostel_b_block1,dept_chem,0.918
hostel_b_block1,dept_chemistry,0.543
hostel_b_block1,dept_civil,0.892
hostel_b_block1,dept_cse,1.196
hostel_b_block1,dept_ece,1.221
hostel_b_block1,dept_eee,1.28
hostel_b_block1,dept_hssm,0.62
hostel_b_block1,dept_it,1.255
hostel_b_block1,dept_macs,0.554
hostel_b_block1,dept_mech,1.021
hostel_b_block1,dept_mining,0.842
hostel_b_block1,dept_mme,0.756
hostel_b_block1,dept_physics,0.593
hostel_b_block1,dept_wroe,1.001
hostel_b_block1,loc_e_library,0.679
hostel_b_block1,loc_girls_coop,1.167
hostel_b_block1,hostel_b_block1,0.0
hostel_b_block1,hostel_b_block2,0.11
hostel_b_block1,hostel_b_block3,0.244
hostel_b_block1,hostel_b_block4,0.364
hostel_b_block1,hostel_b_block5,0.5
hostel_b_block1,hostel_b_block6,0.18
hostel_b_block1,hostel_b_block7,0.131
hostel_b_block1,hostel_b_block8,0.597
hostel_b_block1,hostel_b_brahmagiri,0.07
hostel_b_block1,hostel_b_mt1,0.559
hostel_b_block1,hostel_b_mt2,0.639
hostel_b_block1,hostel_b_mt3,0.649
hostel_b_block1,hostel_b_shivalik,0.501
hostel_b_block1,hostel_g_gh1,1.134
hostel_b_block1,hostel_g_gh2,1.073
hostel_b_block1,hostel_g_gh3,1.144
hostel_b_block1,hostel_g_gh4,1.184
hostel_b_block1,hostel_g_gh5,1.177
hostel_b_block1,hostel_g_gh6,1.117
hostel_b_block1,loc_lhc_a,0.58
hostel_b_block1,loc_lhc_b,0.524
hostel_b_block1,loc_main_building,0.712
hostel_b_block1,loc_main_gate,0.846
hostel_b_block1,mess_b1_karavali,0.015
hostel_b_block1,mess_b2_aravali,0.125
hostel_b_block1,mess_b3_vindhya,0.259
hostel_b_block1,mess_b4_satpura,0.379
hostel_b_block1,mess_b5_nilgiri,0.515
hostel_b_block1,mess_b7_sahyadri,0.146
hostel_b_block1,mess_b8_trishul,0.612
hostel_b_block1,mess_gb,0.193
hostel_b_block1,mess_mega,0.562
hostel_b_block1,mess_pg_new_brahmagiri,0.085
hostel_b_block1,mess_pg_pushpagiri,0.195
hostel_b_block1,loc_suprabha_boys,0.57
hostel_b_block1,loc_suprabha_girls,1.182
hostel_b_block2,loc_boys_coop,0.529
hostel_b_block2,loc_central_library,0.713
hostel_b_block2,dept_chem,1.028
hostel_b_block2,dept_chemistry,0.653
hostel_b_block2,dept_civil,1.002
hostel_b_block2,dept_cse,1.306
hostel_b_block2,dept_ece,1.331
hostel_b_block2,dept_eee,1.39
hostel_b_block2,dept_hssm,0.73
hostel_b_block2,dept_it,1.365
hostel_b_block2,dept_macs,0.664
hostel_b_block2,dept_mech,1.131
hostel_b_block2,dept_mining,0.952
hostel_b_block2,dept_mme,0.866
hostel_b_block2,dept_physics,0.703
hostel_b_block2,dept_wroe,1.111
hostel_b_block2,loc_e_library,0.789
hostel_b_block2,loc_girls_coop,1.277
hostel_b_block2,hostel_b_block1,0.11
hostel_b_block2,hostel_b_block2,0.0
hostel_b_block2,hostel_b_block3,0.134
hostel_b_block2,hostel_b_block4,0.254
hostel_b_block2,hostel_b_block5,0.39
hostel_b_block2,hostel_b_block6,0.29
hostel_b_block2,hostel_b_block7,0.241
hostel_b_block2,hostel_b_block8,0.686
hostel_b_block2,hostel_b_brahmagiri,0.18
hostel_b_block2,hostel_b_mt1,0.52
hostel_b_block2,hostel_b_mt2,0.529
hostel_b_block2,hostel_b_mt3,0.539
hostel_b_block2,hostel_b_shivalik,0.611
hostel_b_block2,hostel_g_gh1,1.244
hostel_b_block2,hostel_g_gh2,1.183
hostel_b_block2,hostel_g_gh3,1.254
hostel_b_block2,hostel_g_gh4,1.294
hostel_b_block2,hostel_g_gh5,1.287
hostel_b_block2,hostel_g_gh6,1.227
hostel_b_block2,loc_lhc_a,0.69
hostel_b_block2,loc_lhc_b,0.634
hostel_b_block2,loc_main_building,0.822
hostel_b_block2,loc_main_gate,0.956
hostel_b_block2,mess_b1_karavali,0.125
hostel_b_block2,mess_b2_aravali,0.015
hostel_b_block2,mess_b3_vindhya,0.149
hostel_b_block2,mess_b4_satpura,0.269
hostel_b_block2,mess_b5_nilgiri,0.405
hostel_b_block2,mess_b7_sahyadri,0.256
hostel_b_block2,mess_b8_trishul,0.701
hostel_b_block2,mess_gb,0.303
hostel_b_block2,mess_mega,0.452
hostel_b_block2,mess_pg_new_brahmagiri,0.195
hostel_b_block2,mess_pg_pushpagiri,0.305
hostel_b_block2,loc_suprabha_boys,0.46
hostel_b_block2,loc_suprabha_girls,1.292
hostel_b_block3,loc_boys_coop,0.526
hostel_b_block3,loc_central_library,0.71
hostel_b_block3,dept_chem,1.025
hostel_b_block3,dept_chemistry,0.65
hostel_b_block3,dept_civil,0.999
hostel_b_block3,dept_cse,1.303
hostel_b_block3,dept_ece,1.328
hostel_b_block3,dept_eee,1.387
hostel_b_block3,dept_hssm,0.727
hostel_b_block3,dept_it,1.362
hostel_b_block3,dept_macs,0.661
hostel_b_block3,dept_mech,1.128
hostel_b_block3,dept_mining,0.949
hostel_b_block3,dept_mme,0.863
hostel_b_block3,dept_physics,0.7
hostel_b_block3,dept_wroe,1.108
hostel_b_block3,loc_e_library,0.786
hostel_b_block3,loc_girls_coop,1.274
hostel_b_block3,hostel_b_block1,0.244
hostel_b_block3,hostel_b_block2,0.134
hostel_b_block3,hostel_b_block3,0.0
hostel_b_block3,hostel_b_block4,0.12
hostel_b_block3,hostel_b_block5,0.256
hostel_b_block3,hostel_b_block6,0.424
hostel_b_block3,hostel_b_block7,0.375
hostel_b_block3,hostel_b_block8,0.552
hostel_b_block3,hostel_b_brahmagiri,0.314
hostel_b_block3,hostel_b_mt1,0.386
hostel_b_block3,hostel_b_mt2,0.395
hostel_b_block3,hostel_b_mt3,0.405
hostel_b_block3,hostel_b_shivalik,0.608
hostel_b_block3,hostel_g_gh1,1.241
hostel_b_block3,hostel_g_gh2,1.18
hostel_b_block3,hostel_g_gh3,1.251
hostel_b_block3,hostel_g_gh4,1.291
hostel_b_block3,hostel_g_gh5,1.284
hostel_b_block3,hostel_g_gh6,1.224
hostel_b_block3,loc_lhc_a,0.687
hostel_b_block3,loc_lhc_b,0.631
hostel_b_block3,loc_main_building,0.819
hostel_b_block3,loc_main_gate,0.953
hostel_b_block3,mess_b1_karavali,0.259
hostel_b_block3,mess_b2_aravali,0.149
hostel_b_block3,mess_b3_vindhya,0.015
hostel_b_block3,mess_b4_satpura,0.135
hostel_b_block3,mess_b5_nilgiri,0.271
hostel_b_block3,mess_b7_sahyadri,0.39
hostel_b_block3,mess_b8_trishul,0.567
hostel_b_block3,mess_gb,0.437
hostel_b_block3,mess_mega,0.318
hostel_b_block3,mess_pg_new_brahmagiri,0.329
hostel_b_block3,mess_pg_pushpagiri,0.439
hostel_b_block3,loc_suprabha_boys,0.326
hostel_b_block3,loc_suprabha_girls,1.289
hostel_b_block4,loc_boys_coop,0.406
hostel_b_block4,loc_central_library,0.59
hostel_b_block4,dept_chem,0.905
hostel_b_block4,dept_chemistry,0.53
hostel_b_block4,dept_civil,0.879
hostel_b_block4,dept_cse,1.183
hostel_b_block4,dept_ece,1.208
hostel_b_block4,dept_eee,1.267
hostel_b_block4,dept_hssm,0.607
hostel_b_block4,dept_it,1.242
hostel_b_block4,dept_macs,0.541
hostel_b_block4,dept_mech,1.008
hostel_b_block4,dept_mining,0.829
hostel_b_block4,dept_mme,0.743
hostel_b_block4,dept_physics,0.58
hostel_b_block4,dept_wroe,0.988
hostel_b_block4,loc_e_library,0.666
hostel_b_block4,loc_girls_coop,1.154
hostel_b_block4,hostel_b_block1,0.364
hostel_b_block4,hostel_b_block2,0.254
hostel_b_block4,hostel_b_block3,0.12
hostel_b_block4,hostel_b_block4,0.0
hostel_b_block4,hostel_b_block5,0.136
hostel_b_block4,hostel_b_block6,0.544
hostel_b_block4,hostel_b_block7,0.495
hostel_b_block4,hostel_b_block8,0.432
hostel_b_block4,hostel_b_brahmagiri,0.434
hostel_b_block4,hostel_b_mt1,0.266
hostel_b_block4,hostel_b_mt2,0.275
hostel_b_block4,hostel_b_mt3,0.285
hostel_b_block4,hostel_b_shivalik,0.488
hostel_b_block4,hostel_g_gh1,1.121
hostel_b_block4,hostel_g_gh2,1.06
hostel_b_block4,hostel_g_gh3,1.131
hostel_b_block4,hostel_g_gh4,1.171
hostel_b_block4,hostel_g_gh5,1.164
hostel_b_block4,hostel_g_gh6,1.104
hostel_b_block4,loc_lhc_a,0.567
hostel_b_block4,loc_lhc_b,0.511
hostel_b_block4,loc_main_building,0.699
hostel_b_block4,loc_main_gate,0.833
hostel_b_block4,mess_b1_karavali,0.379
hostel_b_block4,mess_b2_aravali,0.269
hostel_b_block4,mess_b3_vindhya,0.135
hostel_b_block4,mess_b4_satpura,0.015
hostel_b_block4,mess_b5_nilgiri,0.151
hostel_b_block4,mess_b7_sahyadri,0.51
hostel_b_block4,mess_b8_trishul,0.447
hostel_b_block4,mess_gb,0.557
hostel_b_block4,mess_mega,0.198
hostel_b_block4,mess_pg_new_brahmagiri,0.449
hostel_b_block4,mess_pg_pushpagiri,0.559
hostel_b_block4,loc_suprabha_boys,0.206
hostel_b_block4,loc_suprabha_girls,1.169
hostel_b_block5,loc_boys_coop,0.449
hostel_b_block5,loc_central_library,0.633
hostel_b_block5,dept_chem,0.948
hostel_b_block5,dept_chemistry,0.573
hostel_b_block5,dept_civil,0.922
hostel_b_block5,dept_cse,1.226
hostel_b_block5,dept_ece,1.251
hostel_b_block5,dept_eee,1.31
hostel_b_block5,dept_hssm,0.65
hostel_b_block5,dept_it,1.285
hostel_b_block5,dept_macs,0.584
hostel_b_block5,dept_mech,1.051
hostel_b_block5,dept_mining,0.872
hostel_b_block5,dept_mme,0.786
hostel_b_block5,dept_physics,0.623
hostel_b_block5,dept_wroe,1.031
hostel_b_block5,loc_e_library,0.709
hostel_b_block5,loc_girls_coop,1.197
hostel_b_block5,hostel_b_block1,0.5
hostel_b_block5,hostel_b_block2,0.39
hostel_b_block5,hostel_b_block3,0.256
hostel_b_block5,hostel_b_block4,0.136
hostel_b_block5,hostel_b_block5,0.0
hostel_b_block5,hostel_b_block6,0.68
hostel_b_block5,hostel_b_block7,0.631
hostel_b_block5,hostel_b_block8,0.296
hostel_b_block5,hostel_b_brahmagiri,0.57
hostel_b_block5,hostel_b_mt1,0.309
hostel_b_block5,hostel_b_mt2,0.189
hostel_b_block5,hostel_b_mt3,0.149
hostel_b_block5,hostel_b_shivalik,0.392
hostel_b_block5,hostel_g_gh1,1.164
hostel_b_block5,hostel_g_gh2,1.103
hostel_b_block5,hostel_g_gh3,1.174
hostel_b_block5,hostel_g_gh4,1.214
hostel_b_block5,hostel_g_gh5,1.207
hostel_b_block5,hostel_g_gh6,1.147
hostel_b_block5,loc_lhc_a,0.61
hostel_b_block5,loc_lhc_b,0.554
hostel_b_block5,loc_main_building,0.742
hostel_b_block5,loc_main_gate,0.876
hostel_b_block5,mess_b1_karavali,0.515
hostel_b_block5,mess_b2_aravali,0.405
hostel_b_block5,mess_b3_vindhya,0.271
hostel_b_block5,mess_b4_satpura,0.151
hostel_b_block5,mess_b5_nilgiri,0.015
hostel_b_block5,mess_b7_sahyadri,0.646
hostel_b_block5,mess_b8_trishul,0.311
hostel_b_block5,mess_gb,0.693
hostel_b_block5,mess_mega,0.266
hostel_b_block5,mess_pg_new_brahmagiri,0.585
hostel_b_block5,mess_pg_pushpagiri,0.695
hostel_b_block5,loc_suprabha_boys,0.07
hostel_b_block5,loc_suprabha_girls,1.212
hostel_b_block6,loc_boys_coop,0.599
hostel_b_block6,loc_central_library,0.783
hostel_b_block6,dept_chem,1.098
hostel_b_block6,dept_chemistry,0.723
hostel_b_block6,dept_civil,1.072
hostel_b_block6,dept_cse,1.376
hostel_b_block6,dept_ece,1.401
hostel_b_block6,dept_eee,1.46
hostel_b_block6,dept_hssm,0.8
hostel_b_block6,dept_it,1.435
hostel_b_block6,dept_macs,0.734
hostel_b_block6,dept_mech,1.201
hostel_b_block6,dept_mining,1.022
hostel_b_block6,dept_mme,0.936
hostel_b_block6,dept_physics,0.773
hostel_b_block6,dept_wroe,1.181
hostel_b_block6,loc_e_library,0.859
hostel_b_block6,loc_girls_coop,1.347
hostel_b_block6,hostel_b_block1,0.18
hostel_b_block6,hostel_b_block2,0.29
hostel_b_block6,hostel_b_block3,0.424
hostel_b_block6,hostel_b_block4,0.544
hostel_b_block6,hostel_b_block5,0.68
hostel_b_block6,hostel_b_block6,0.0
hostel_b_block6,hostel_b_block7,0.311
hostel_b_block6,hostel_b_block8,0.777
hostel_b_block6,hostel_b_brahmagiri,0.11
hostel_b_block6,hostel_b_mt1,0.739
hostel_b_block6,hostel_b_mt2,0.819
hostel_b_block6,hostel_b_mt3,0.829
hostel_b_block6,hostel_b_shivalik,0.681
hostel_b_block6,hostel_g_gh1,1.314
hostel_b_block6,hostel_g_gh2,1.253
hostel_b_block6,hostel_g_gh3,1.324
hostel_b_block6,hostel_g_gh4,1.364
hostel_b_block6,hostel_g_gh5,1.357
hostel_b_block6,hostel_g_gh6,1.297
hostel_b_block6,loc_lhc_a,0.76
hostel_b_block6,loc_lhc_b,0.704
hostel_b_block6,loc_main_building,0.892
hostel_b_block6,loc_main_gate,1.026
hostel_b_block6,mess_b1_karavali,0.195
hostel_b_block6,mess_b2_aravali,0.305
hostel_b_block6,mess_b3_vindhya,0.439
hostel_b_block6,mess_b4_satpura,0.559
hostel_b_block6,mess_b5_nilgiri,0.695
hostel_b_block6,mess_b7_sahyadri,0.326
hostel_b_block6,mess_b8_trishul,0.792
hostel_b_block6,mess_gb,0.373
hostel_b_block6,mess_mega,0.742
hostel_b_block6,mess_pg_new_brahmagiri,0.125
hostel_b_block6,mess_pg_pushpagiri,0.015
hostel_b_block6,loc_suprabha_boys,0.75
hostel_b_block6,loc_suprabha_girls,1.362
hostel_b_block7,loc_boys_coop,0.288
hostel_b_block7,loc_central_library,0.472
hostel_b_block7,dept_chem,0.787
hostel_b_block7,dept_chemistry,0.412
hostel_b_block7,dept_civil,0.761
hostel_b_block7,dept_cse,1.065
hostel_b_block7,dept_ece,1.09
hostel_b_block7,dept_eee,1.149
hostel_b_block7,dept_hssm,0.489
hostel_b_block7,dept_it,1.124
hostel_b_block7,dept_macs,0.423
hostel_b_block7,dept_mech,0.89
hostel_b_block7,dept_mining,0.711
hostel_b_block7,dept_mme,0.625
hostel_b_block7,dept_physics,0.462
hostel_b_block7,dept_wroe,0.87
hostel_b_block7,loc_e_library,0.548
hostel_b_block7,loc_girls_coop,1.036
hostel_b_block7,hostel_b_block1,0.131
hostel_b_block7,hostel_b_block2,0.241
hostel_b_block7,hostel_b_block3,0.375
hostel_b_block7,hostel_b_block4,0.495
hostel_b_block7,hostel_b_block5,0.631
hostel_b_block7,hostel_b_block6,0.311
hostel_b_block7,hostel_b_block7,0.0
hostel_b_block7,hostel_b_block8,0.466
hostel_b_block7,hostel_b_brahmagiri,0.201
hostel_b_block7,hostel_b_mt1,0.428
hostel_b_block7,hostel_b_mt2,0.548
hostel_b_block7,hostel_b_mt3,0.613
hostel_b_block7,hostel_b_shivalik,0.37
hostel_b_block7,hostel_g_gh1,1.003
hostel_b_block7,hostel_g_gh2,0.942
hostel_b_block7,hostel_g_gh3,1.013
hostel_b_block7,hostel_g_gh4,1.053
hostel_b_block7,hostel_g_gh5,1.046
hostel_b_block7,hostel_g_gh6,0.986
hostel_b_block7,loc_lhc_a,0.449
hostel_b_block7,loc_lhc_b,0.393
hostel_b_block7,loc_main_building,0.581
hostel_b_block7,loc_main_gate,0.715
hostel_b_block7,mess_b1_karavali,0.146
hostel_b_block7,mess_b2_aravali,0.256
hostel_b_block7,mess_b3_vindhya,0.39
hostel_b_block7,mess_b4_satpura,0.51
hostel_b_block7,mess_b5_nilgiri,0.646
hostel_b_block7,mess_b7_sahyadri,0.015
hostel_b_block7,mess_b8_trishul,0.481
hostel_b_block7,mess_gb,0.062
hostel_b_block7,mess_mega,0.496
hostel_b_block7,mess_pg_new_brahmagiri,0.216
hostel_b_block7,mess_pg_pushpagiri,0.326
hostel_b_block7,loc_suprabha_boys,0.667
hostel_b_block7,loc_suprabha_girls,1.051
hostel_b_block8,loc_boys_coop,0.178
hostel_b_block8,loc_central_library,0.362
hostel_b_block8,dept_chem,0.677
hostel_b_block8,dept_chemistry,0.302
hostel_b_block8,dept_civil,0.651
hostel_b_block8,dept_cse,0.955
hostel_b_block8,dept_ece,0.98
hostel_b_block8,dept_eee,1.039
hostel_b_block8,dept_hssm,0.379
hostel_b_block8,dept_it,1.014
hostel_b_block8,dept_macs,0.313
hostel_b_block8,dept_mech,0.78
hostel_b_block8,dept_mining,0.601
hostel_b_block8,dept_mme,0.515
hostel_b_block8,dept_physics,0.352
hostel_b_block8,dept_wroe,0.76
hostel_b_block8,loc_e_library,0.438
hostel_b_block8,loc_girls_coop,0.926
hostel_b_block8,hostel_b_block1,0.597
hostel_b_block8,hostel_b_block2,0.686
hostel_b_block8,hostel_b_block3,0.552
hostel_b_block8,hostel_b_block4,0.432
hostel_b_block8,hostel_b_block5,0.296
hostel_b_block8,hostel_b_block6,0.777
hostel_b_block8,hostel_b_block7,0.466
hostel_b_block8,hostel_b_block8,0.0
hostel_b_block8,hostel_b_brahmagiri,0.667
hostel_b_block8,hostel_b_mt1,0.318
hostel_b_block8,hostel_b_mt2,0.266
hostel_b_block8,hostel_b_mt3,0.147
hostel_b_block8,hostel_b_shivalik,0.096
hostel_b_block8,hostel_g_gh1,0.893
hostel_b_block8,hostel_g_gh2,0.832
hostel_b_block8,hostel_g_gh3,0.903
hostel_b_block8,hostel_g_gh4,0.943
hostel_b_block8,hostel_g_gh5,0.936
hostel_b_block8,hostel_g_gh6,0.876
hostel_b_block8,loc_lhc_a,0.339
hostel_b_block8,loc_lhc_b,0.283
hostel_b_block8,loc_main_building,0.471
hostel_b_block8,loc_main_gate,0.605
hostel_b_block8,mess_b1_karavali,0.612
hostel_b_block8,mess_b2_aravali,0.701
hostel_b_block8,mess_b3_vindhya,0.567
hostel_b_block8,mess_b4_satpura,0.447
hostel_b_block8,mess_b5_nilgiri,0.311
hostel_b_block8,mess_b7_sahyadri,0.481
hostel_b_block8,mess_b8_trishul,0.015
hostel_b_block8,mess_gb,0.528
hostel_b_block8,mess_mega,0.343
hostel_b_block8,mess_pg_new_brahmagiri,0.682
hostel_b_block8,mess_pg_pushpagiri,0.792
hostel_b_block8,loc_suprabha_boys,0.226
hostel_b_block8,loc_suprabha_girls,0.941
hostel_b_brahmagiri,loc_boys_coop,0.489
hostel_b_brahmagiri,loc_central_library,0.673
hostel_b_brahmagiri,dept_chem,0.988
hostel_b_brahmagiri,dept_chemistry,0.613
hostel_b_brahmagiri,dept_civil,0.962
hostel_b_brahmagiri,dept_cse,1.266
hostel_b_brahmagiri,dept_ece,1.291
hostel_b_brahmagiri,dept_eee,1.35
hostel_b_brahmagiri,dept_hssm,0.69
hostel_b_brahmagiri,dept_it,1.325
hostel_b_brahmagiri,dept_macs,0.624
hostel_b_brahmagiri,dept_mech,1.091
hostel_b_brahmagiri,dept_mining,0.912
hostel_b_brahmagiri,dept_mme,0.826
hostel_b_brahmagiri,dept_physics,0.663
hostel_b_brahmagiri,dept_wroe,1.071
hostel_b_brahmagiri,loc_e_library,0.749
hostel_b_brahmagiri,loc_girls_coop,1.237
hostel_b_brahmagiri,hostel_b_block1,0.07
hostel_b_brahmagiri,hostel_b_block2,0.18
hostel_b_brahmagiri,hostel_b_block3,0.314
hostel_b_brahmagiri,hostel_b_block4,0.434
hostel_b_brahmagiri,hostel_b_block5,0.57
hostel_b_brahmagiri,hostel_b_block6,0.11
hostel_b_brahmagiri,hostel_b_block7,0.201
hostel_b_brahmagiri,hostel_b_block8,0.667
hostel_b_brahmagiri,hostel_b_brahmagiri,0.0
hostel_b_brahmagiri,hostel_b_mt1,0.629
hostel_b_brahmagiri,hostel_b_mt2,0.709
hostel_b_brahmagiri,hostel_b_mt3,0.719
hostel_b_brahmagiri,hostel_b_shivalik,0.571
hostel_b_brahmagiri,hostel_g_gh1,1.204
hostel_b_brahmagiri,hostel_g_gh2,1.143
hostel_b_brahmagiri,hostel_g_gh3,1.214
hostel_b_brahmagiri,hostel_g_gh4,1.254
hostel_b_brahmagiri,hostel_g_gh5,1.247
hostel_b_brahmagiri,hostel_g_gh6,1.187
hostel_b_brahmagiri,loc_lhc_a,0.65
hostel_b_brahmagiri,loc_lhc_b,0.594
hostel_b_brahmagiri,loc_main_building,0.782
hostel_b_brahmagiri,loc_main_gate,0.916
hostel_b_brahmagiri,mess_b1_karavali,0.085
hostel_b_brahmagiri,mess_b2_aravali,0.195
hostel_b_brahmagiri,mess_b3_vindhya,0.329
hostel_b_brahmagiri,mess_b4_satpura,0.449
hostel_b_brahmagiri,mess_b5_nilgiri,0.585
hostel_b_brahmagiri,mess_b7_sahyadri,0.216
hostel_b_brahmagiri,mess_b8_trishul,0.682
hostel_b_brahmagiri,mess_gb,0.263
hostel_b_brahmagiri,mess_mega,0.632
hostel_b_brahmagiri,mess_pg_new_brahmagiri,0.015
hostel_b_brahmagiri,mess_pg_pushpagiri,0.125
hostel_b_brahmagiri,loc_suprabha_boys,0.64
hostel_b_brahmagiri,loc_suprabha_girls,1.252
hostel_b_mt1,loc_boys_coop,0.14
hostel_b_mt1,loc_central_library,0.324
hostel_b_mt1,dept_chem,0.639
hostel_b_mt1,dept_chemistry,0.264
hostel_b_mt1,dept_civil,0.613
hostel_b_mt1,dept_cse,0.917
hostel_b_mt1,dept_ece,0.942
hostel_b_mt1,dept_eee,1.001
hostel_b_mt1,dept_hssm,0.341
hostel_b_mt1,dept_it,0.976
hostel_b_mt1,dept_macs,0.275
hostel_b_mt1,dept_mech,0.742
hostel_b_mt1,dept_mining,0.563
hostel_b_mt1,dept_mme,0.477
hostel_b_mt1,dept_physics,0.314
hostel_b_mt1,dept_wroe,0.722
hostel_b_mt1,loc_e_library,0.4
hostel_b_mt1,loc_girls_coop,0.888
hostel_b_mt1,hostel_b_block1,0.559
hostel_b_mt1,hostel_b_block2,0.52
hostel_b_mt1,hostel_b_block3,0.386
hostel_b_mt1,hostel_b_block4,0.266
hostel_b_mt1,hostel_b_block5,0.309
hostel_b_mt1,hostel_b_block6,0.739
hostel_b_mt1,hostel_b_block7,0.428
hostel_b_mt1,hostel_b_block8,0.318
hostel_b_mt1,hostel_b_brahmagiri,0.629
hostel_b_mt1,hostel_b_mt1,0.0
hostel_b_mt1,hostel_b_mt2,0.12
hostel_b_mt1,hostel_b_mt3,0.239
hostel_b_mt1,hostel_b_shivalik,0.222
hostel_b_mt1,hostel_g_gh1,0.855
hostel_b_mt1,hostel_g_gh2,0.794
hostel_b_mt1,hostel_g_gh3,0.865
hostel_b_mt1,hostel_g_gh4,0.905
hostel_b_mt1,hostel_g_gh5,0.898
hostel_b_mt1,hostel_g_gh6,0.838
hostel_b_mt1,loc_lhc_a,0.301
hostel_b_mt1,loc_lhc_b,0.245
hostel_b_mt1,loc_main_building,0.433
hostel_b_mt1,loc_main_gate,0.567
hostel_b_mt1,mess_b1_karavali,0.574
hostel_b_mt1,mess_b2_aravali,0.535
hostel_b_mt1,mess_b3_vindhya,0.401
hostel_b_mt1,mess_b4_satpura,0.281
hostel_b_mt1,mess_b5_nilgiri,0.324
hostel_b_mt1,mess_b7_sahyadri,0.443
hostel_b_mt1,mess_b8_trishul,0.333
hostel_b_mt1,mess_gb,0.49
hostel_b_mt1,mess_mega,0.068
hostel_b_mt1,mess_pg_new_brahmagiri,0.644
hostel_b_mt1,mess_pg_pushpagiri,0.754
hostel_b_mt1,loc_suprabha_boys,0.239
hostel_b_mt1,loc_suprabha_girls,0.903
hostel_b_mt2,loc_boys_coop,0.26
hostel_b_mt2,loc_central_library,0.444
hostel_b_mt2,dept_chem,0.759
hostel_b_mt2,dept_chemistry,0.384
hostel_b_mt2,dept_civil,0.733
hostel_b_mt2,dept_cse,1.037
hostel_b_mt2,dept_ece,1.062
hostel_b_mt2,dept_eee,1.121
hostel_b_mt2,dept_hssm,0.461
hostel_b_mt2,dept_it,1.096
hostel_b_mt2,dept_macs,0.395
hostel_b_mt2,dept_mech,0.862
hostel_b_mt2,dept_mining,0.683
hostel_b_mt2,dept_mme,0.597
hostel_b_mt2,dept_physics,0.434
hostel_b_mt2,dept_wroe,0.842
hostel_b_mt2,loc_e_library,0.52
hostel_b_mt2,loc_girls_coop,1.008
hostel_b_mt2,hostel_b_block1,0.639
hostel_b_mt2,hostel_b_block2,0.529
hostel_b_mt2,hostel_b_block3,0.395
hostel_b_mt2,hostel_b_block4,0.275
hostel_b_mt2,hostel_b_block5,0.189
hostel_b_mt2,hostel_b_block6,0.819
hostel_b_mt2,hostel_b_block7,0.548
hostel_b_mt2,hostel_b_block8,0.266
hostel_b_mt2,hostel_b_brahmagiri,0.709
hostel_b_mt2,hostel_b_mt1,0.12
hostel_b_mt2,hostel_b_mt2,0.0
hostel_b_mt2,hostel_b_mt3,0.119
hostel_b_mt2,hostel_b_shivalik,0.342
hostel_b_mt2,hostel_g_gh1,0.975
hostel_b_mt2,hostel_g_gh2,0.914
hostel_b_mt2,hostel_g_gh3,0.985
hostel_b_mt2,hostel_g_gh4,1.025
hostel_b_mt2,hostel_g_gh5,1.018
hostel_b_mt2,hostel_g_gh6,0.958
hostel_b_mt2,loc_lhc_a,0.421
hostel_b_mt2,loc_lhc_b,0.365
hostel_b_mt2,loc_main_building,0.553
hostel_b_mt2,loc_main_gate,0.687
hostel_b_mt2,mess_b1_karavali,0.654
hostel_b_mt2,mess_b2_aravali,0.544
hostel_b_mt2,mess_b3_vindhya,0.41
hostel_b_mt2,mess_b4_satpura,0.29
hostel_b_mt2,mess_b5_nilgiri,0.204
hostel_b_mt2,mess_b7_sahyadri,0.563
hostel_b_mt2,mess_b8_trishul,0.281
hostel_b_mt2,mess_gb,0.61
hostel_b_mt2,mess_mega,0.077
hostel_b_mt2,mess_pg_new_brahmagiri,0.724
hostel_b_mt2,mess_pg_pushpagiri,0.834
hostel_b_mt2,loc_suprabha_boys,0.119
hostel_b_mt2,loc_suprabha_girls,1.023
hostel_b_mt3,loc_boys_coop,0.325
hostel_b_mt3,loc_central_library,0.509
hostel_b_mt3,dept_chem,0.824
hostel_b_mt3,dept_chemistry,0.449
hostel_b_mt3,dept_civil,0.798
hostel_b_mt3,dept_cse,1.102
hostel_b_mt3,dept_ece,1.127
hostel_b_mt3,dept_eee,1.186
hostel_b_mt3,dept_hssm,0.526
hostel_b_mt3,dept_it,1.161
hostel_b_mt3,dept_macs,0.46
hostel_b_mt3,dept_mech,0.927
hostel_b_mt3,dept_mining,0.748
hostel_b_mt3,dept_mme,0.662
hostel_b_mt3,dept_physics,0.499
hostel_b_mt3,dept_wroe,0.907
hostel_b_mt3,loc_e_library,0.585
hostel_b_mt3,loc_girls_coop,1.073
hostel_b_mt3,hostel_b_block1,0.649
hostel_b_mt3,hostel_b_block2,0.539
hostel_b_mt3,hostel_b_block3,0.405
hostel_b_mt3,hostel_b_block4,0.285
hostel_b_mt3,hostel_b_block5,0.149
hostel_b_mt3,hostel_b_block6,0.829
hostel_b_mt3,hostel_b_block7,0.613
hostel_b_mt3,hostel_b_block8,0.147
hostel_b_mt3,hostel_b_brahmagiri,0.719
hostel_b_mt3,hostel_b_mt1,0.239
hostel_b_mt3,hostel_b_mt2,0.119
hostel_b_mt3,hostel_b_mt3,0.0
hostel_b_mt3,hostel_b_shivalik,0.243
hostel_b_mt3,hostel_g_gh1,1.04
hostel_b_mt3,hostel_g_gh2,0.979
hostel_b_mt3,hostel_g_gh3,1.05
hostel_b_mt3,hostel_g_gh4,1.09
hostel_b_mt3,hostel_g_gh5,1.083
hostel_b_mt3,hostel_g_gh6,1.023
hostel_b_mt3,loc_lhc_a,0.486
hostel_b_mt3,loc_lhc_b,0.43
hostel_b_mt3,loc_main_building,0.618
hostel_b_mt3,loc_main_gate,0.752
hostel_b_mt3,mess_b1_karavali,0.664
hostel_b_mt3,mess_b2_aravali,0.554
hostel_b_mt3,mess_b3_vindhya,0.42
hostel_b_mt3,mess_b4_satpura,0.3
hostel_b_mt3,mess_b5_nilgiri,0.164
hostel_b_mt3,mess_b7_sahyadri,0.628
hostel_b_mt3,mess_b8_trishul,0.162
hostel_b_mt3,mess_gb,0.675
hostel_b_mt3,mess_mega,0.196
hostel_b_mt3,mess_pg_new_brahmagiri,0.734
hostel_b_mt3,mess_pg_pushpagiri,0.844
hostel_b_mt3,loc_suprabha_boys,0.079
hostel_b_mt3,loc_suprabha_girls,1.088
hostel_b_shivalik,loc_boys_coop,0.082
hostel_b_shivalik,loc_central_library,0.266
hostel_b_shivalik,dept_chem,0.581
hostel_b_shivalik,dept_chemistry,0.206
hostel_b_shivalik,dept_civil,0.555
hostel_b_shivalik,dept_cse,0.859
hostel_b_shivalik,dept_ece,0.884
hostel_b_shivalik,dept_eee,0.943
hostel_b_shivalik,dept_hssm,0.283
hostel_b_shivalik,dept_it,0.918
hostel_b_shivalik,dept_macs,0.217
hostel_b_shivalik,dept_mech,0.684
hostel_b_shivalik,dept_mining,0.505
hostel_b_shivalik,dept_mme,0.419
hostel_b_shivalik,dept_physics,0.256
hostel_b_shivalik,dept_wroe,0.664
hostel_b_shivalik,loc_e_library,0.342
hostel_b_shivalik,loc_girls_coop,0.83
hostel_b_shivalik,hostel_b_block1,0.501
hostel_b_shivalik,hostel_b_block2,0.611
hostel_b_shivalik,hostel_b_block3,0.608
hostel_b_shivalik,hostel_b_block4,0.488
hostel_b_shivalik,hostel_b_block5,0.392
hostel_b_shivalik,hostel_b_block6,0.681
hostel_b_shivalik,hostel_b_block7,0.37
hostel_b_shivalik,hostel_b_block8,0.096
hostel_b_shivalik,hostel_b_brahmagiri,0.571
hostel_b_shivalik,hostel_b_mt1,0.222
hostel_b_shivalik,hostel_b_mt2,0.342
hostel_b_shivalik,hostel_b_mt3,0.243
hostel_b_shivalik,hostel_b_shivalik,0.0
hostel_b_shivalik,hostel_g_gh1,0.797
hostel_b_shivalik,hostel_g_gh2,0.736
hostel_b_shivalik,hostel_g_gh3,0.807
hostel_b_shivalik,hostel_g_gh4,0.847
hostel_b_shivalik,hostel_g_gh5,0.84
hostel_b_shivalik,hostel_g_gh6,0.78
hostel_b_shivalik,loc_lhc_a,0.243
hostel_b_shivalik,loc_lhc_b,0.187
hostel_b_shivalik,loc_main_building,0.375
hostel_b_shivalik,loc_main_gate,0.509
hostel_b_shivalik,mess_b1_karavali,0.516
hostel_b_shivalik,mess_b2_aravali,0.626
hostel_b_shivalik,mess_b3_vindhya,0.623
hostel_b_shivalik,mess_b4_satpura,0.503
hostel_b_shivalik,mess_b5_nilgiri,0.407
hostel_b_shivalik,mess_b7_sahyadri,0.385
hostel_b_shivalik,mess_b8_trishul,0.111
hostel_b_shivalik,mess_gb,0.432
hostel_b_shivalik,mess_mega,0.29
hostel_b_shivalik,mess_pg_new_brahmagiri,0.586
hostel_b_shivalik,mess_pg_pushpagiri,0.696
hostel_b_shivalik,loc_suprabha_boys,0.322
hostel_b_shivalik,loc_suprabha_girls,0.845
hostel_g_gh1,loc_boys_coop,0.715
hostel_g_gh1,loc_central_library,0.531
hostel_g_gh1,dept_chem,0.425
hostel_g_gh1,dept_chemistry,0.751
hostel_g_gh1,dept_civil,0.242
hostel_g_gh1,dept_cse,0.592
hostel_g_gh1,dept_ece,0.592
hostel_g_gh1,dept_eee,0.651
hostel_g_gh1,dept_hssm,0.674
hostel_g_gh1,dept_it,0.626
hostel_g_gh1,dept_macs,0.58
hostel_g_gh1,dept_mech,0.322
hostel_g_gh1,dept_mining,0.292
hostel_g_gh1,dept_mme,0.532
hostel_g_gh1,dept_physics,0.701
hostel_g_gh1,dept_wroe,0.15
hostel_g_gh1,loc_e_library,0.548
hostel_g_gh1,loc_girls_coop,0.247
hostel_g_gh1,hostel_b_block1,1.134
hostel_g_gh1,hostel_b_block2,1.244
hostel_g_gh1,hostel_b_block3,1.241
hostel_g_gh1,hostel_b_block4,1.121
hostel_g_gh1,hostel_b_block5,1.164
hostel_g_gh1,hostel_b_block6,1.314
hostel_g_gh1,hostel_b_block7,1.003
hostel_g_gh1,hostel_b_block8,0.893
hostel_g_gh1,hostel_b_brahmagiri,1.204
hostel_g_gh1,hostel_b_mt1,0.855
hostel_g_gh1,hostel_b_mt2,0.975
hostel_g_gh1,hostel_b_mt3,1.04
hostel_g_gh1,hostel_b_shivalik,0.797
hostel_g_gh1,hostel_g_gh1,0.0
hostel_g_gh1,hostel_g_gh2,0.061
hostel_g_gh1,hostel_g_gh3,0.132
hostel_g_gh1,hostel_g_gh4,0.172
hostel_g_gh1,hostel_g_gh5,0.217
hostel_g_gh1,hostel_g_gh6,0.277
hostel_g_gh1,loc_lhc_a,0.554
hostel_g_gh1,loc_lhc_b,0.61
hostel_g_gh1,loc_main_building,0.424
hostel_g_gh1,loc_main_gate,0.404
hostel_g_gh1,mess_b1_karavali,1.149
hostel_g_gh1,mess_b2_aravali,1.259
hostel_g_gh1,mess_b3_vindhya,1.256
hostel_g_gh1,mess_b4_satpura,1.136
hostel_g_gh1,mess_b5_nilgiri,1.179
hostel_g_gh1,mess_b7_sahyadri,1.018
hostel_g_gh1,mess_b8_trishul,0.908
hostel_g_gh1,mess_gb,1.065
hostel_g_gh1,mess_mega,0.923
hostel_g_gh1,mess_pg_new_brahmagiri,1.219
hostel_g_gh1,mess_pg_pushpagiri,1.329
hostel_g_gh1,loc_suprabha_boys,1.094
hostel_g_gh1,loc_suprabha_girls,0.262
hostel_g_gh2,loc_boys_coop,0.654
hostel_g_gh2,loc_central_library,0.47
hostel_g_gh2,dept_chem,0.415
hostel_g_gh2,dept_chemistry,0.69
hostel_g_gh2,dept_civil,0.181
hostel_g_gh2,dept_cse,0.531
hostel_g_gh2,dept_ece,0.531
hostel_g_gh2,dept_eee,0.59
hostel_g_gh2,dept_hssm,0.613
hostel_g_gh2,dept_it,0.565
hostel_g_gh2,dept_macs,0.519
hostel_g_gh2,dept_mech,0.312
hostel_g_gh2,dept_mining,0.231
hostel_g_gh2,dept_mme,0.471
hostel_g_gh2,dept_physics,0.64
hostel_g_gh2,dept_wroe,0.211
hostel_g_gh2,loc_e_library,0.487
hostel_g_gh2,loc_girls_coop,0.186
hostel_g_gh2,hostel_b_block1,1.073
hostel_g_gh2,hostel_b_block2,1.183
hostel_g_gh2,hostel_b_block3,1.18
hostel_g_gh2,hostel_b_block4,1.06
hostel_g_gh2,hostel_b_block5,1.103
hostel_g_gh2,hostel_b_block6,1.253
hostel_g_gh2,hostel_b_block7,0.942
hostel_g_gh2,hostel_b_block8,0.832
hostel_g_gh2,hostel_b_brahmagiri,1.143
hostel_g_gh2,hostel_b_mt1,0.794
hostel_g_gh2,hostel_b_mt2,0.914
hostel_g_gh2,hostel_b_mt3,0.979
hostel_g_gh2,hostel_b_shivalik,0.736
hostel_g_gh2,hostel_g_gh1,0.061
hostel_g_gh2,hostel_g_gh2,0.0
hostel_g_gh2,hostel_g_gh3,0.071
hostel_g_gh2,hostel_g_gh4,0.111
hostel_g_gh2,hostel_g_gh5,0.156
hostel_g_gh2,hostel_g_gh6,0.216
hostel_g_gh2,loc_lhc_a,0.493
hostel_g_gh2,loc_lhc_b,0.549
hostel_g_gh2,loc_main_building,0.363
hostel_g_gh2,loc_main_gate,0.343
hostel_g_gh2,mess_b1_karavali,1.088
hostel_g_gh2,mess_b2_aravali,1.198
hostel_g_gh2,mess_b3_vindhya,1.195
hostel_g_gh2,mess_b4_satpura,1.075
hostel_g_gh2,mess_b5_nilgiri,1.118
hostel_g_gh2,mess_b7_sahyadri,0.957
hostel_g_gh2,mess_b8_trishul,0.847
hostel_g_gh2,mess_gb,1.004
hostel_g_gh2,mess_mega,0.862
hostel_g_gh2,mess_pg_new_brahmagiri,1.158
hostel_g_gh2,mess_pg_pushpagiri,1.268
hostel_g_gh2,loc_suprabha_boys,1.033
hostel_g_gh2,loc_suprabha_girls,0.201
hostel_g_gh3,loc_boys_coop,0.725
hostel_g_gh3,loc_central_library,0.541
hostel_g_gh3,dept_chem,0.344
hostel_g_gh3,dept_chemistry,0.761
hostel_g_gh3,dept_civil,0.252
hostel_g_gh3,dept_cse,0.602
hostel_g_gh3,dept_ece,0.602
hostel_g_gh3,dept_eee,0.661
hostel_g_gh3,dept_hssm,0.684
hostel_g_gh3,dept_it,0.636
hostel_g_gh3,dept_macs,0.59
hostel_g_gh3,dept_mech,0.241
hostel_g_gh3,dept_mining,0.302
hostel_g_gh3,dept_mme,0.506
hostel_g_gh3,dept_physics,0.711
hostel_g_gh3,dept_wroe,0.282
hostel_g_gh3,loc_e_library,0.558
hostel_g_gh3,loc_girls_coop,0.115
hostel_g_gh3,hostel_b_block1,1.144
hostel_g_gh3,hostel_b_block2,1.254
hostel_g_gh3,hostel_b_block3,1.251
hostel_g_gh3,hostel_b_block4,1.131
hostel_g_gh3,hostel_b_block5,1.174
hostel_g_gh3,hostel_b_block6,1.324
hostel_g_gh3,hostel_b_block7,1.013
hostel_g_gh3,hostel_b_block8,0.903
hostel_g_gh3,hostel_b_brahmagiri,1.214
hostel_g_gh3,hostel_b_mt1,0.865
hostel_g_gh3,hostel_b_mt2,0.985
hostel_g_gh3,hostel_b_mt3,1.05
hostel_g_gh3,hostel_b_shivalik,0.807
hostel_g_gh3,hostel_g_gh1,0.132
hostel_g_gh3,hostel_g_gh2,0.071
hostel_g_gh3,hostel_g_gh3,0.0
hostel_g_gh3,hostel_g_gh4,0.04
hostel_g_gh3,hostel_g_gh5,0.085
hostel_g_gh3,hostel_g_gh6,0.145
hostel_g_gh3,loc_lhc_a,0.564
hostel_g_gh3,loc_lhc_b,0.62
hostel_g_gh3,loc_main_building,0.434
hostel_g_gh3,loc_main_gate,0.414
hostel_g_gh3,mess_b1_karavali,1.159
hostel_g_gh3,mess_b2_aravali,1.269
hostel_g_gh3,mess_b3_vindhya,1.266
hostel_g_gh3,mess_b4_satpura,1.146
hostel_g_gh3,mess_b5_nilgiri,1.189
hostel_g_gh3,mess_b7_sahyadri,1.028
hostel_g_gh3,mess_b8_trishul,0.918
hostel_g_gh3,mess_gb,1.075
hostel_g_gh3,mess_mega,0.933
hostel_g_gh3,mess_pg_new_brahmagiri,1.229
hostel_g_gh3,mess_pg_pushpagiri,1.339
hostel_g_gh3,loc_suprabha_boys,1.104
hostel_g_gh3,loc_suprabha_girls,0.13
hostel_g_gh4,loc_boys_coop,0.765
hostel_g_gh4,loc_central_library,0.581
hostel_g_gh4,dept_chem,0.304
hostel_g_gh4,dept_chemistry,0.801
hostel_g_gh4,dept_civil,0.292
hostel_g_gh4,dept_cse,0.642
hostel_g_gh4,dept_ece,0.642
hostel_g_gh4,dept_eee,0.701
hostel_g_gh4,dept_hssm,0.724
hostel_g_gh4,dept_it,0.676
hostel_g_gh4,dept_macs,0.63
hostel_g_gh4,dept_mech,0.201
hostel_g_gh4,dept_mining,0.342
hostel_g_gh4,dept_mme,0.466
hostel_g_gh4,dept_physics,0.751
hostel_g_gh4,dept_wroe,0.322
hostel_g_gh4,loc_e_library,0.543
hostel_g_gh4,loc_girls_coop,0.075
hostel_g_gh4,hostel_b_block1,1.184
hostel_g_gh4,hostel_b_block2,1.294
hostel_g_gh4,hostel_b_block3,1.291
hostel_g_gh4,hostel_b_block4,1.171
hostel_g_gh4,hostel_b_block5,1.214
hostel_g_gh4,hostel_b_block6,1.364
hostel_g_gh4,hostel_b_block7,1.053
hostel_g_gh4,hostel_b_block8,0.943
hostel_g_gh4,hostel_b_brahmagiri,1.254
hostel_g_gh4,hostel_b_mt1,0.905
hostel_g_gh4,hostel_b_mt2,1.025
hostel_g_gh4,hostel_b_mt3,1.09
hostel_g_gh4,hostel_b_shivalik,0.847
hostel_g_gh4,hostel_g_gh1,0.172
hostel_g_gh4,hostel_g_gh2,0.111
hostel_g_gh4,hostel_g_gh3,0.04
hostel_g_gh4,hostel_g_gh4,0.0
hostel_g_gh4,hostel_g_gh5,0.045
hostel_g_gh4,hostel_g_gh6,0.105
hostel_g_gh4,loc_lhc_a,0.604
hostel_g_gh4,loc_lhc_b,0.66
hostel_g_gh4,loc_main_building,0.474
hostel_g_gh4,loc_main_gate,0.454
hostel_g_gh4,mess_b1_karavali,1.199
hostel_g_gh4,mess_b2_aravali,1.309
hostel_g_gh4,mess_b3_vindhya,1.306
hostel_g_gh4,mess_b4_satpura,1.186
hostel_g_gh4,mess_b5_nilgiri,1.229
hostel_g_gh4,mess_b7_sahyadri,1.068
hostel_g_gh4,mess_b8_trishul,0.958
hostel_g_gh4,mess_gb,1.115
hostel_g_gh4,mess_mega,0.973
hostel_g_gh4,mess_pg_new_brahmagiri,1.269
hostel_g_gh4,mess_pg_pushpagiri,1.379
hostel_g_gh4,loc_suprabha_boys,1.144
hostel_g_gh4,loc_suprabha_girls,0.09
hostel_g_gh5,loc_boys_coop,0.758
hostel_g_gh5,loc_central_library,0.574
hostel_g_gh5,dept_chem,0.259
hostel_g_gh5,dept_chemistry,0.794
hostel_g_gh5,dept_civil,0.337
hostel_g_gh5,dept_cse,0.687
hostel_g_gh5,dept_ece,0.687
hostel_g_gh5,dept_eee,0.746
hostel_g_gh5,dept_hssm,0.717
hostel_g_gh5,dept_it,0.721
hostel_g_gh5,dept_macs,0.623
hostel_g_gh5,dept_mech,0.156
hostel_g_gh5,dept_mining,0.387
hostel_g_gh5,dept_mme,0.421
hostel_g_gh5,dept_physics,0.744
hostel_g_gh5,dept_wroe,0.328
hostel_g_gh5,loc_e_library,0.498
hostel_g_gh5,loc_girls_coop,0.11
hostel_g_gh5,hostel_b_block1,1.177
hostel_g_gh5,hostel_b_block2,1.287
hostel_g_gh5,hostel_b_block3,1.284
hostel_g_gh5,hostel_b_block4,1.164
hostel_g_gh5,hostel_b_block5,1.207
hostel_g_gh5,hostel_b_block6,1.357
hostel_g_gh5,hostel_b_block7,1.046
hostel_g_gh5,hostel_b_block8,0.936
hostel_g_gh5,hostel_b_brahmagiri,1.247
hostel_g_gh5,hostel_b_mt1,0.898
hostel_g_gh5,hostel_b_mt2,1.018
hostel_g_gh5,hostel_b_mt3,1.083
hostel_g_gh5,hostel_b_shivalik,0.84
hostel_g_gh5,hostel_g_gh1,0.217
hostel_g_gh5,hostel_g_gh2,0.156
hostel_g_gh5,hostel_g_gh3,0.085
hostel_g_gh5,hostel_g_gh4,0.045
hostel_g_gh5,hostel_g_gh5,0.0
hostel_g_gh5,hostel_g_gh6,0.06
hostel_g_gh5,loc_lhc_a,0.597
hostel_g_gh5,loc_lhc_b,0.653
hostel_g_gh5,loc_main_building,0.519
hostel_g_gh5,loc_main_gate,0.499
hostel_g_gh5,mess_b1_karavali,1.192
hostel_g_gh5,mess_b2_aravali,1.302
hostel_g_gh5,mess_b3_vindhya,1.299
hostel_g_gh5,mess_b4_satpura,1.179
hostel_g_gh5,mess_b5_nilgiri,1.222
hostel_g_gh5,mess_b7_sahyadri,1.061
hostel_g_gh5,mess_b8_trishul,0.951
hostel_g_gh5,mess_gb,1.108
hostel_g_gh5,mess_mega,0.966
hostel_g_gh5,mess_pg_new_brahmagiri,1.262
hostel_g_gh5,mess_pg_pushpagiri,1.372
hostel_g_gh5,loc_suprabha_boys,1.137
hostel_g_gh5,loc_suprabha_girls,0.125
hostel_g_gh6,loc_boys_coop,0.698
hostel_g_gh6,loc_central_library,0.514
hostel_g_gh6,dept_chem,0.199
hostel_g_gh6,dept_chemistry,0.734
hostel_g_gh6,dept_civil,0.377
hostel_g_gh6,dept_cse,0.727
hostel_g_gh6,dept_ece,0.727
hostel_g_gh6,dept_eee,0.786
hostel_g_gh6,dept_hssm,0.657
hostel_g_gh6,dept_it,0.761
hostel_g_gh6,dept_macs,0.563
hostel_g_gh6,dept_mech,0.096
hostel_g_gh6,dept_mining,0.427
hostel_g_gh6,dept_mme,0.361
hostel_g_gh6,dept_physics,0.684
hostel_g_gh6,dept_wroe,0.268
hostel_g_gh6,loc_e_library,0.438
hostel_g_gh6,loc_girls_coop,0.05
hostel_g_gh6,hostel_b_block1,1.117
hostel_g_gh6,hostel_b_block2,1.227
hostel_g_gh6,hostel_b_block3,1.224
hostel_g_gh6,hostel_b_block4,1.104
hostel_g_gh6,hostel_b_block5,1.147
hostel_g_gh6,hostel_b_block6,1.297
hostel_g_gh6,hostel_b_block7,0.986
hostel_g_gh6,hostel_b_block8,0.876
hostel_g_gh6,hostel_b_brahmagiri,1.187
hostel_g_gh6,hostel_b_mt1,0.838
hostel_g_gh6,hostel_b_mt2,0.958
hostel_g_gh6,hostel_b_mt3,1.023
hostel_g_gh6,hostel_b_shivalik,0.78
hostel_g_gh6,hostel_g_gh1,0.277
hostel_g_gh6,hostel_g_gh2,0.216
hostel_g_gh6,hostel_g_gh3,0.145
hostel_g_gh6,hostel_g_gh4,0.105
hostel_g_gh6,hostel_g_gh5,0.06
hostel_g_gh6,hostel_g_gh6,0.0
hostel_g_gh6,loc_lhc_a,0.537
hostel_g_gh6,loc_lhc_b,0.593
hostel_g_gh6,loc_main_building,0.469
hostel_g_gh6,loc_main_gate,0.539
hostel_g_gh6,mess_b1_karavali,1.132
hostel_g_gh6,mess_b2_aravali,1.242
hostel_g_gh6,mess_b3_vindhya,1.239
hostel_g_gh6,mess_b4_satpura,1.119
hostel_g_gh6,mess_b5_nilgiri,1.162
hostel_g_gh6,mess_b7_sahyadri,1.001
hostel_g_gh6,mess_b8_trishul,0.891
hostel_g_gh6,mess_gb,1.048
hostel_g_gh6,mess_mega,0.906
hostel_g_gh6,mess_pg_new_brahmagiri,1.202
hostel_g_gh6,mess_pg_pushpagiri,1.312
hostel_g_gh6,loc_suprabha_boys,1.077
hostel_g_gh6,loc_suprabha_girls,0.065
loc_lhc_a,loc_boys_coop,0.161
loc_lhc_a,loc_central_library,0.023
loc_lhc_a,dept_chem,0.338
loc_lhc_a,dept_chemistry,0.243
loc_lhc_a,dept_civil,0.312
loc_lhc_a,dept_cse,0.616
loc_lhc_a,dept_ece,0.641
loc_lhc_a,dept_eee,0.7
loc_lhc_a,dept_hssm,0.166
loc_lhc_a,dept_it,0.675
loc_lhc_a,dept_macs,0.072
loc_lhc_a,dept_mech,0.441
loc_lhc_a,dept_mining,0.262
loc_lhc_a,dept_mme,0.176
loc_lhc_a,dept_physics,0.193
loc_lhc_a,dept_wroe,0.421
loc_lhc_a,loc_e_library,0.099
loc_lhc_a,loc_girls_coop,0.587
loc_lhc_a,hostel_b_block1,0.58
loc_lhc_a,hostel_b_block2,0.69
loc_lhc_a,hostel_b_block3,0.687
loc_lhc_a,hostel_b_block4,0.567
loc_lhc_a,hostel_b_block5,0.61
loc_lhc_a,hostel_b_block6,0.76
loc_lhc_a,hostel_b_block7,0.449
loc_lhc_a,hostel_b_block8,0.339
loc_lhc_a,hostel_b_brahmagiri,0.65
loc_lhc_a,hostel_b_mt1,0.301
loc_lhc_a,hostel_b_mt2,0.421
loc_lhc_a,hostel_b_mt3,0.486
loc_lhc_a,hostel_b_shivalik,0.243
loc_lhc_a,hostel_g_gh1,0.554
loc_lhc_a,hostel_g_gh2,0.493
loc_lhc_a,hostel_g_gh3,0.564
loc_lhc_a,hostel_g_gh4,0.604
loc_lhc_a,hostel_g_gh5,0.597
loc_lhc_a,hostel_g_gh6,0.537
loc_lhc_a,loc_lhc_a,0.0
loc_lhc_a,loc_lhc_b,0.056
loc_lhc_a,loc_main_building,0.132
loc_lhc_a,loc_main_gate,0.266
loc_lhc_a,mess_b1_karavali,0.595
loc_lhc_a,mess_b2_aravali,0.705
loc_lhc_a,mess_b3_vindhya,0.702
loc_lhc_a,mess_b4_satpura,0.582
loc_lhc_a,mess_b5_nilgiri,0.625
loc_lhc_a,mess_b7_sahyadri,0.464
loc_lhc_a,mess_b8_trishul,0.354
loc_lhc_a,mess_gb,0.511
loc_lhc_a,mess_mega,0.369
loc_lhc_a,mess_pg_new_brahmagiri,0.665
loc_lhc_a,mess_pg_pushpagiri,0.775
loc_lhc_a,loc_suprabha_boys,0.54
loc_lhc_a,loc_suprabha_girls,0.602
loc_lhc_b,loc_boys_coop,0.105
loc_lhc_b,loc_central_library,0.079
loc_lhc_b,dept_chem,0.394
loc_lhc_b,dept_chemistry,0.201
loc_lhc_b,dept_civil,0.368
loc_lhc_b,dept_cse,0.672
loc_lhc_b,dept_ece,0.697
loc_lhc_b,dept_eee,0.756
loc_lhc_b,dept_hssm,0.124
loc_lhc_b,dept_it,0.731
loc_lhc_b,dept_macs,0.03
loc_lhc_b,dept_mech,0.497
loc_lhc_b,dept_mining,0.318
loc_lhc_b,dept_mme,0.232
loc_lhc_b,dept_physics,0.151
loc_lhc_b,dept_wroe,0.477
loc_lhc_b,loc_e_library,0.155
loc_lhc_b,loc_girls_coop,0.643
loc_lhc_b,hostel_b_block1,0.524
loc_lhc_b,hostel_b_block2,0.634
loc_lhc_b,hostel_b_block3,0.631
loc_lhc_b,hostel_b_block4,0.511
loc_lhc_b,hostel_b_block5,0.554
loc_lhc_b,hostel_b_block6,0.704
loc_lhc_b,hostel_b_block7,0.393
loc_lhc_b,hostel_b_block8,0.283
loc_lhc_b,hostel_b_brahmagiri,0.594
loc_lhc_b,hostel_b_mt1,0.245
loc_lhc_b,hostel_b_mt2,0.365
loc_lhc_b,hostel_b_mt3,0.43
loc_lhc_b,hostel_b_shivalik,0.187
loc_lhc_b,hostel_g_gh1,0.61
loc_lhc_b,hostel_g_gh2,0.549
loc_lhc_b,hostel_g_gh3,0.62
loc_lhc_b,hostel_g_gh4,0.66
loc_lhc_b,hostel_g_gh5,0.653
loc_lhc_b,hostel_g_gh6,0.593
loc_lhc_b,loc_lhc_a,0.056
loc_lhc_b,loc_lhc_b,0.0
loc_lhc_b,loc_main_building,0.188
loc_lhc_b,loc_main_gate,0.322
loc_lhc_b,mess_b1_karavali,0.539
loc_lhc_b,mess_b2_aravali,0.649
loc_lhc_b,mess_b3_vindhya,0.646
loc_lhc_b,mess_b4_satpura,0.526
loc_lhc_b,mess_b5_nilgiri,0.569
loc_lhc_b,mess_b7_sahyadri,0.408
loc_lhc_b,mess_b8_trishul,0.298
loc_lhc_b,mess_gb,0.455
loc_lhc_b,mess_mega,0.313
loc_lhc_b,mess_pg_new_brahmagiri,0.609
loc_lhc_b,mess_pg_pushpagiri,0.719
loc_lhc_b,loc_suprabha_boys,0.484
loc_lhc_b,loc_suprabha_girls,0.658
loc_main_building,loc_boys_coop,0.293
loc_main_building,loc_central_library,0.109
loc_main_building,dept_chem,0.27
loc_main_building,dept_chemistry,0.329
loc_main_building,dept_civil,0.182
loc_main_building,dept_cse,0.484
loc_main_building,dept_ece,0.509
loc_main_building,dept_eee,0.568
loc_main_building,dept_hssm,0.252
loc_main_building,dept_it,0.543
loc_main_building,dept_macs,0.158
loc_main_building,dept_mech,0.373
loc_main_building,dept_mining,0.132
loc_main_building,dept_mme,0.108
loc_main_building,dept_physics,0.279
loc_main_building,dept_wroe,0.291
loc_main_building,loc_e_library,0.124
loc_main_building,loc_girls_coop,0.519
loc_main_building,hostel_b_block1,0.712
loc_main_building,hostel_b_block2,0.822
loc_main_building,hostel_b_block3,0.819
loc_main_building,hostel_b_block4,0.699
loc_main_building,hostel_b_block5,0.742
loc_main_building,hostel_b_block6,0.892
loc_main_building,hostel_b_block7,0.581
loc_main_building,hostel_b_block8,0.471
loc_main_building,hostel_b_brahmagiri,0.782
loc_main_building,hostel_b_mt1,0.433
loc_main_building,hostel_b_mt2,0.553
loc_main_building,hostel_b_mt3,0.618
loc_main_building,hostel_b_shivalik,0.375
loc_main_building,hostel_g_gh1,0.424
loc_main_building,hostel_g_gh2,0.363
loc_main_building,hostel_g_gh3,0.434
loc_main_building,hostel_g_gh4,0.474
loc_main_building,hostel_g_gh5,0.519
loc_main_building,hostel_g_gh6,0.469
loc_main_building,loc_lhc_a,0.132
loc_main_building,loc_lhc_b,0.188
loc_main_building,loc_main_building,0.0
loc_main_building,loc_main_gate,0.134
loc_main_building,mess_b1_karavali,0.727
loc_main_building,mess_b2_aravali,0.837
loc_main_building,mess_b3_vindhya,0.834
loc_main_building,mess_b4_satpura,0.714
loc_main_building,mess_b5_nilgiri,0.757
loc_main_building,mess_b7_sahyadri,0.596
loc_main_building,mess_b8_trishul,0.486
loc_main_building,mess_gb,0.643
loc_main_building,mess_mega,0.501
loc_main_building,mess_pg_new_brahmagiri,0.797
loc_main_building,mess_pg_pushpagiri,0.907
loc_main_building,loc_suprabha_boys,0.672
loc_main_building,loc_suprabha_girls,0.534
loc_main_gate,loc_boys_coop,0.427
loc_main_gate,loc_central_library,0.243
loc_main_gate,dept_chem,0.404
loc_main_gate,dept_chemistry,0.463
loc_main_gate,dept_civil,0.162
loc_main_gate,dept_cse,0.35
loc_main_gate,dept_ece,0.375
loc_main_gate,dept_eee,0.434
loc_main_gate,dept_hssm,0.386
loc_main_gate,dept_it,0.409
loc_main_gate,dept_macs,0.292
loc_main_gate,dept_mech,0.443
loc_main_gate,dept_mining,0.212
loc_main_gate,dept_mme,0.242
loc_main_gate,dept_physics,0.413
loc_main_gate,dept_wroe,0.271
loc_main_gate,loc_e_library,0.258
loc_main_gate,loc_girls_coop,0.529
loc_main_gate,hostel_b_block1,0.846
loc_main_gate,hostel_b_block2,0.956
loc_main_gate,hostel_b_block3,0.953
loc_main_gate,hostel_b_block4,0.833
loc_main_gate,hostel_b_block5,0.876
loc_main_gate,hostel_b_block6,1.026
loc_main_gate,hostel_b_block7,0.715
loc_main_gate,hostel_b_block8,0.605
loc_main_gate,hostel_b_brahmagiri,0.916
loc_main_gate,hostel_b_mt1,0.567
loc_main_gate,hostel_b_mt2,0.687
loc_main_gate,hostel_b_mt3,0.752
loc_main_gate,hostel_b_shivalik,0.509
loc_main_gate,hostel_g_gh1,0.404
loc_main_gate,hostel_g_gh2,0.343
loc_main_gate,hostel_g_gh3,0.414
loc_main_gate,hostel_g_gh4,0.454
loc_main_gate,hostel_g_gh5,0.499
loc_main_gate,hostel_g_gh6,0.539
loc_main_gate,loc_lhc_a,0.266
loc_main_gate,loc_lhc_b,0.322
loc_main_gate,loc_main_building,0.134
loc_main_gate,loc_main_gate,0.0
loc_main_gate,mess_b1_karavali,0.861
loc_main_gate,mess_b2_aravali,0.971
loc_main_gate,mess_b3_vindhya,0.968
loc_main_gate,mess_b4_satpura,0.848
loc_main_gate,mess_b5_nilgiri,0.891
loc_main_gate,mess_b7_sahyadri,0.73
loc_main_gate,mess_b8_trishul,0.62
loc_main_gate,mess_gb,0.777
loc_main_gate,mess_mega,0.635
loc_main_gate,mess_pg_new_brahmagiri,0.931
loc_main_gate,mess_pg_pushpagiri,1.041
loc_main_gate,loc_suprabha_boys,0.806
loc_main_gate,loc_suprabha_girls,0.544
mess_b1_karavali,loc_boys_coop,0.434
mess_b1_karavali,loc_central_library,0.618
mess_b1_karavali,dept_chem,0.933
mess_b1_karavali,dept_chemistry,0.558
mess_b1_karavali,dept_civil,0.907
mess_b1_karavali,dept_cse,1.211
mess_b1_karavali,dept_ece,1.236
mess_b1_karavali,dept_eee,1.295
mess_b1_karavali,dept_hssm,0.635
mess_b1_karavali,dept_it,1.27
mess_b1_karavali,dept_macs,0.569
mess_b1_karavali,dept_mech,1.036
mess_b1_karavali,dept_mining,0.857
mess_b1_karavali,dept_mme,0.771
mess_b1_karavali,dept_physics,0.608
mess_b1_karavali,dept_wroe,1.016
mess_b1_karavali,loc_e_library,0.694
mess_b1_karavali,loc_girls_coop,1.182
mess_b1_karavali,hostel_b_block1,0.015
mess_b1_karavali,hostel_b_block2,0.125
mess_b1_karavali,hostel_b_block3,0.259
mess_b1_karavali,hostel_b_block4,0.379
mess_b1_karavali,hostel_b_block5,0.515
mess_b1_karavali,hostel_b_block6,0.195
mess_b1_karavali,hostel_b_block7,0.146
mess_b1_karavali,hostel_b_block8,0.612
mess_b1_karavali,hostel_b_brahmagiri,0.085
mess_b1_karavali,hostel_b_mt1,0.574
mess_b1_karavali,hostel_b_mt2,0.654
mess_b1_karavali,hostel_b_mt3,0.664
mess_b1_karavali,hostel_b_shivalik,0.516
mess_b1_karavali,hostel_g_gh1,1.149
mess_b1_karavali,hostel_g_gh2,1.088
mess_b1_karavali,hostel_g_gh3,1.159
mess_b1_karavali,hostel_g_gh4,1.199
mess_b1_karavali,hostel_g_gh5,1.192
mess_b1_karavali,hostel_g_gh6,1.132
mess_b1_karavali,loc_lhc_a,0.595
mess_b1_karavali,loc_lhc_b,0.539
mess_b1_karavali,loc_main_building,0.727
mess_b1_karavali,loc_main_gate,0.861
mess_b1_karavali,mess_b1_karavali,0.0
mess_b1_karavali,mess_b2_aravali,0.14
mess_b1_karavali,mess_b3_vindhya,0.274
mess_b1_karavali,mess_b4_satpura,0.394
mess_b1_karavali,mess_b5_nilgiri,0.53
mess_b1_karavali,mess_b7_sahyadri,0.161
mess_b1_karavali,mess_b8_trishul,0.627
mess_b1_karavali,mess_gb,0.208
mess_b1_karavali,mess_mega,0.577
mess_b1_karavali,mess_pg_new_brahmagiri,0.1
mess_b1_karavali,mess_pg_pushpagiri,0.21
mess_b1_karavali,loc_suprabha_boys,0.585
mess_b1_karavali,loc_suprabha_girls,1.197
mess_b2_aravali,loc_boys_coop,0.544
mess_b2_aravali,loc_central_library,0.728
mess_b2_aravali,dept_chem,1.043
mess_b2_aravali,dept_chemistry,0.668
mess_b2_aravali,dept_civil,1.017
mess_b2_aravali,dept_cse,1.321
mess_b2_aravali,dept_ece,1.346
mess_b2_aravali,dept_eee,1.405
mess_b2_aravali,dept_hssm,0.745
mess_b2_aravali,dept_it,1.38
mess_b2_aravali,dept_macs,0.679
mess_b2_aravali,dept_mech,1.146
mess_b2_aravali,dept_mining,0.967
mess_b2_aravali,dept_mme,0.881
mess_b2_aravali,dept_physics,0.718
mess_b2_aravali,dept_wroe,1.126
mess_b2_aravali,loc_e_library,0.804
mess_b2_aravali,loc_girls_coop,1.292
mess_b2_aravali,hostel_b_block1,0.125
mess_b2_aravali,hostel_b_block2,0.015
mess_b2_aravali,hostel_b_block3,0.149
mess_b2_aravali,hostel_b_block4,0.269
mess_b2_aravali,hostel_b_block5,0.405
mess_b2_aravali,hostel_b_block6,0.305
mess_b2_aravali,hostel_b_block7,0.256
mess_b2_aravali,hostel_b_block8,0.701
mess_b2_aravali,hostel_b_brahmagiri,0.195
mess_b2_aravali,hostel_b_mt1,0.535
mess_b2_aravali,hostel_b_mt2,0.544
mess_b2_aravali,hostel_b_mt3,0.554
mess_b2_aravali,hostel_b_shivalik,0.626
mess_b2_aravali,hostel_g_gh1,1.259
mess_b2_aravali,hostel_g_gh2,1.198
mess_b2_aravali,hostel_g_gh3,1.269
mess_b2_aravali,hostel_g_gh4,1.309
mess_b2_aravali,hostel_g_gh5,1.302
mess_b2_aravali,hostel_g_gh6,1.242
mess_b2_aravali,loc_lhc_a,0.705
mess_b2_aravali,loc_lhc_b,0.649
mess_b2_aravali,loc_main_building,0.837
mess_b2_aravali,loc_main_gate,0.971
mess_b2_aravali,mess_b1_karavali,0.14
mess_b2_aravali,mess_b2_aravali,0.0
mess_b2_aravali,mess_b3_vindhya,0.164
mess_b2_aravali,mess_b4_satpura,0.284
mess_b2_aravali,mess_b5_nilgiri,0.42
mess_b2_aravali,mess_b7_sahyadri,0.271
mess_b2_aravali,mess_b8_trishul,0.716
mess_b2_aravali,mess_gb,0.318
mess_b2_aravali,mess_mega,0.467
mess_b2_aravali,mess_pg_new_brahmagiri,0.21
mess_b2_aravali,mess_pg_pushpagiri,0.32
mess_b2_aravali,loc_suprabha_boys,0.475
mess_b2_aravali,loc_suprabha_girls,1.307
mess_b3_vindhya,loc_boys_coop,0.541
mess_b3_vindhya,loc_central_library,0.725
mess_b3_vindhya,dept_chem,1.04
mess_b3_vindhya,dept_chemistry,0.665
mess_b3_vindhya,dept_civil,1.014
mess_b3_vindhya,dept_cse,1.318
mess_b3_vindhya,dept_ece,1.343
mess_b3_vindhya,dept_eee,1.402
mess_b3_vindhya,dept_hssm,0.742
mess_b3_vindhya,dept_it,1.377
mess_b3_vindhya,dept_macs,0.676
mess_b3_vindhya,dept_mech,1.143
mess_b3_vindhya,dept_mining,0.964
mess_b3_vindhya,dept_mme,0.878
mess_b3_vindhya,dept_physics,0.715
mess_b3_vindhya,dept_wroe,1.123
mess_b3_vindhya,loc_e_library,0.801
mess_b3_vindhya,loc_girls_coop,1.289
mess_b3_vindhya,hostel_b_block1,0.259
mess_b3_vindhya,hostel_b_block2,0.149
mess_b3_vindhya,hostel_b_block3,0.015
mess_b3_vindhya,hostel_b_block4,0.135
mess_b3_vindhya,hostel_b_block5,0.271
mess_b3_vindhya,hostel_b_block6,0.439
mess_b3_vindhya,hostel_b_block7,0.39
mess_b3_vindhya,hostel_b_block8,0.567
mess_b3_vindhya,hostel_b_brahmagiri,0.329
mess_b3_vindhya,hostel_b_mt1,0.401
mess_b3_vindhya,hostel_b_mt2,0.41
mess_b3_vindhya,hostel_b_mt3,0.42
mess_b3_vindhya,hostel_b_shivalik,0.623
mess_b3_vindhya,hostel_g_gh1,1.256
mess_b3_vindhya,hostel_g_gh2,1.195
mess_b3_vindhya,hostel_g_gh3,1.266
mess_b3_vindhya,hostel_g_gh4,1.306
mess_b3_vindhya,hostel_g_gh5,1.299
mess_b3_vindhya,hostel_g_gh6,1.239
mess_b3_vindhya,loc_lhc_a,0.702
mess_b3_vindhya,loc_lhc_b,0.646
mess_b3_vindhya,loc_main_building,0.834
mess_b3_vindhya,loc_main_gate,0.968
mess_b3_vindhya,mess_b1_karavali,0.274
mess_b3_vindhya,mess_b2_aravali,0.164
mess_b3_vindhya,mess_b3_vindhya,0.0
mess_b3_vindhya,mess_b4_satpura,0.15
mess_b3_vindhya,mess_b5_nilgiri,0.286
mess_b3_vindhya,mess_b7_sahyadri,0.405
mess_b3_vindhya,mess_b8_trishul,0.582
mess_b3_vindhya,mess_gb,0.452
mess_b3_vindhya,mess_mega,0.333
mess_b3_vindhya,mess_pg_new_brahmagiri,0.344
mess_b3_vindhya,mess_pg_pushpagiri,0.454
mess_b3_vindhya,loc_suprabha_boys,0.341
mess_b3_vindhya,loc_suprabha_girls,1.304
mess_b4_satpura,loc_boys_coop,0.421
mess_b4_satpura,loc_central_library,0.605
mess_b4_satpura,dept_chem,0.92
mess_b4_satpura,dept_chemistry,0.545
mess_b4_satpura,dept_civil,0.894
mess_b4_satpura,dept_cse,1.198
mess_b4_satpura,dept_ece,1.223
mess_b4_satpura,dept_eee,1.282
mess_b4_satpura,dept_hssm,0.622
mess_b4_satpura,dept_it,1.257
mess_b4_satpura,dept_macs,0.556
mess_b4_satpura,dept_mech,1.023
mess_b4_satpura,dept_mining,0.844
mess_b4_satpura,dept_mme,0.758
mess_b4_satpura,dept_physics,0.595
mess_b4_satpura,dept_wroe,1.003
mess_b4_satpura,loc_e_library,0.681
mess_b4_satpura,loc_girls_coop,1.169
mess_b4_satpura,hostel_b_block1,0.379
mess_b4_satpura,hostel_b_block2,0.269
mess_b4_satpura,hostel_b_block3,0.135
mess_b4_satpura,hostel_b_block4,0.015
mess_b4_satpura,hostel_b_block5,0.151
mess_b4_satpura,hostel_b_block6,0.559
mess_b4_satpura,hostel_b_block7,0.51
mess_b4_satpura,hostel_b_block8,0.447
mess_b4_satpura,hostel_b_brahmagiri,0.449
mess_b4_satpura,hostel_b_mt1,0.281
mess_b4_satpura,hostel_b_mt2,0.29
mess_b4_satpura,hostel_b_mt3,0.3
mess_b4_satpura,hostel_b_shivalik,0.503
mess_b4_satpura,hostel_g_gh1,1.136
mess_b4_satpura,hostel_g_gh2,1.075
mess_b4_satpura,hostel_g_gh3,1.146
mess_b4_satpura,hostel_g_gh4,1.186
mess_b4_satpura,hostel_g_gh5,1.179
mess_b4_satpura,hostel_g_gh6,1.119
mess_b4_satpura,loc_lhc_a,0.582
mess_b4_satpura,loc_lhc_b,0.526
mess_b4_satpura,loc_main_building,0.714
mess_b4_satpura,loc_main_gate,0.848
mess_b4_satpura,mess_b1_karavali,0.394
mess_b4_satpura,mess_b2_aravali,0.284
mess_b4_satpura,mess_b3_vindhya,0.15
mess_b4_satpura,mess_b4_satpura,0.0
mess_b4_satpura,mess_b5_nilgiri,0.166
mess_b4_satpura,mess_b7_sahyadri,0.525
mess_b4_satpura,mess_b8_trishul,0.462
mess_b4_satpura,mess_gb,0.572
mess_b4_satpura,mess_mega,0.213
mess_b4_satpura,mess_pg_new_brahmagiri,0.464
mess_b4_satpura,mess_pg_pushpagiri,0.574
mess_b4_satpura,loc_suprabha_boys,0.221
mess_b4_satpura,loc_suprabha_girls,1.184
mess_b5_nilgiri,loc_boys_coop,0.464
mess_b5_nilgiri,loc_central_library,0.648
mess_b5_nilgiri,dept_chem,0.963
mess_b5_nilgiri,dept_chemistry,0.588
mess_b5_nilgiri,dept_civil,0.937
mess_b5_nilgiri,dept_cse,1.241
mess_b5_nilgiri,dept_ece,1.266
mess_b5_nilgiri,dept_eee,1.325
mess_b5_nilgiri,dept_hssm,0.665
mess_b5_nilgiri,dept_it,1.3
mess_b5_nilgiri,dept_macs,0.599
mess_b5_nilgiri,dept_mech,1.066
mess_b5_nilgiri,dept_mining,0.887
mess_b5_nilgiri,dept_mme,0.801
mess_b5_nilgiri,dept_physics,0.638
mess_b5_nilgiri,dept_wroe,1.046
mess_b5_nilgiri,loc_e_library,0.724
mess_b5_nilgiri,loc_girls_coop,1.212
mess_b5_nilgiri,hostel_b_block1,0.515
mess_b5_nilgiri,hostel_b_block2,0.405
mess_b5_nilgiri,hostel_b_block3,0.271
mess_b5_nilgiri,hostel_b_block4,0.151
mess_b5_nilgiri,hostel_b_block5,0.015
mess_b5_nilgiri,hostel_b_block6,0.695
mess_b5_nilgiri,hostel_b_block7,0.646
mess_b5_nilgiri,hostel_b_block8,0.311
mess_b5_nilgiri,hostel_b_brahmagiri,0.585
mess_b5_nilgiri,hostel_b_mt1,0.324
mess_b5_nilgiri,hostel_b_mt2,0.204
mess_b5_nilgiri,hostel_b_mt3,0.164
mess_b5_nilgiri,hostel_b_shivalik,0.407
mess_b5_nilgiri,hostel_g_gh1,1.179
mess_b5_nilgiri,hostel_g_gh2,1.118
mess_b5_nilgiri,hostel_g_gh3,1.189
mess_b5_nilgiri,hostel_g_gh4,1.229
mess_b5_nilgiri,hostel_g_gh5,1.222
mess_b5_nilgiri,hostel_g_gh6,1.162
mess_b5_nilgiri,loc_lhc_a,0.625
mess_b5_nilgiri,loc_lhc_b,0.569
mess_b5_nilgiri,loc_main_building,0.757
mess_b5_nilgiri,loc_main_gate,0.891
mess_b5_nilgiri,mess_b1_karavali,0.53
mess_b5_nilgiri,mess_b2_aravali,0.42
mess_b5_nilgiri,mess_b3_vindhya,0.286
mess_b5_nilgiri,mess_b4_satpura,0.166
mess_b5_nilgiri,mess_b5_nilgiri,0.0
mess_b5_nilgiri,mess_b7_sahyadri,0.661
mess_b5_nilgiri,mess_b8_trishul,0.326
mess_b5_nilgiri,mess_gb,0.708
mess_b5_nilgiri,mess_mega,0.281
mess_b5_nilgiri,mess_pg_new_brahmagiri,0.6
mess_b5_nilgiri,mess_pg_pushpagiri,0.71
mess_b5_nilgiri,loc_suprabha_boys,0.085
mess_b5_nilgiri,loc_suprabha_girls,1.227
mess_b7_sahyadri,loc_boys_coop,0.303
mess_b7_sahyadri,loc_central_library,0.487
mess_b7_sahyadri,dept_chem,0.802
mess_b7_sahyadri,dept_chemistry,0.427
mess_b7_sahyadri,dept_civil,0.776
mess_b7_sahyadri,dept_cse,1.08
mess_b7_sahyadri,dept_ece,1.105
mess_b7_sahyadri,dept_eee,1.164
mess_b7_sahyadri,dept_hssm,0.504
mess_b7_sahyadri,dept_it,1.139
mess_b7_sahyadri,dept_macs,0.438
mess_b7_sahyadri,dept_mech,0.905
mess_b7_sahyadri,dept_mining,0.726
mess_b7_sahyadri,dept_mme,0.64
mess_b7_sahyadri,dept_physics,0.477
mess_b7_sahyadri,dept_wroe,0.885
mess_b7_sahyadri,loc_e_library,0.563
mess_b7_sahyadri,loc_girls_coop,1.051
mess_b7_sahyadri,hostel_b_block1,0.146
mess_b7_sahyadri,hostel_b_block2,0.256
mess_b7_sahyadri,hostel_b_block3,0.39
mess_b7_sahyadri,hostel_b_block4,0.51
mess_b7_sahyadri,hostel_b_block5,0.646
mess_b7_sahyadri,hostel_b_block6,0.326
mess_b7_sahyadri,hostel_b_block7,0.015
mess_b7_sahyadri,hostel_b_block8,0.481
mess_b7_sahyadri,hostel_b_brahmagiri,0.216
mess_b7_sahyadri,hostel_b_mt1,0.443
mess_b7_sahyadri,hostel_b_mt2,0.563
mess_b7_sahyadri,hostel_b_mt3,0.628
mess_b7_sahyadri,hostel_b_shivalik,0.385
mess_b7_sahyadri,hostel_g_gh1,1.018
mess_b7_sahyadri,hostel_g_gh2,0.957
mess_b7_sahyadri,hostel_g_gh3,1.028
mess_b7_sahyadri,hostel_g_gh4,1.068
mess_b7_sahyadri,hostel_g_gh5,1.061
mess_b7_sahyadri,hostel_g_gh6,1.001
mess_b7_sahyadri,loc_lhc_a,0.464
mess_b7_sahyadri,loc_lhc_b,0.408
mess_b7_sahyadri,loc_main_building,0.596
mess_b7_sahyadri,loc_main_gate,0.73
mess_b7_sahyadri,mess_b1_karavali,0.161
mess_b7_sahyadri,mess_b2_aravali,0.271
mess_b7_sahyadri,mess_b3_vindhya,0.405
mess_b7_sahyadri,mess_b4_satpura,0.525
mess_b7_sahyadri,mess_b5_nilgiri,0.661
mess_b7_sahyadri,mess_b7_sahyadri,0.0
mess_b7_sahyadri,mess_b8_trishul,0.496
mess_b7_sahyadri,mess_gb,0.077
mess_b7_sahyadri,mess_mega,0.511
mess_b7_sahyadri,mess_pg_new_brahmagiri,0.231
mess_b7_sahyadri,mess_pg_pushpagiri,0.341
mess_b7_sahyadri,loc_suprabha_boys,0.682
mess_b7_sahyadri,loc_suprabha_girls,1.066
mess_b8_trishul,loc_boys_coop,0.193
mess_b8_trishul,loc_central_library,0.377
mess_b8_trishul,dept_chem,0.692
mess_b8_trishul,dept_chemistry,0.317
mess_b8_trishul,dept_civil,0.666
mess_b8_trishul,dept_cse,0.97
mess_b8_trishul,dept_ece,0.995
mess_b8_trishul,dept_eee,1.054
mess_b8_trishul,dept_hssm,0.394
mess_b8_trishul,dept_it,1.029
mess_b8_trishul,dept_macs,0.328
mess_b8_trishul,dept_mech,0.795
mess_b8_trishul,dept_mining,0.616
mess_b8_trishul,dept_mme,0.53
mess_b8_trishul,dept_physics,0.367
mess_b8_trishul,dept_wroe,0.775
mess_b8_trishul,loc_e_library,0.453
mess_b8_trishul,loc_girls_coop,0.941
mess_b8_trishul,hostel_b_block1,0.612
mess_b8_trishul,hostel_b_block2,0.701
mess_b8_trishul,hostel_b_block3,0.567
mess_b8_trishul,hostel_b_block4,0.447
mess_b8_trishul,hostel_b_block5,0.311
mess_b8_trishul,hostel_b_block6,0.792
mess_b8_trishul,hostel_b_block7,0.481
mess_b8_trishul,hostel_b_block8,0.015
mess_b8_trishul,hostel_b_brahmagiri,0.682
mess_b8_trishul,hostel_b_mt1,0.333
mess_b8_trishul,hostel_b_mt2,0.281
mess_b8_trishul,hostel_b_mt3,0.162
mess_b8_trishul,hostel_b_shivalik,0.111
mess_b8_trishul,hostel_g_gh1,0.908
mess_b8_trishul,hostel_g_gh2,0.847
mess_b8_trishul,hostel_g_gh3,0.918
mess_b8_trishul,hostel_g_gh4,0.958
mess_b8_trishul,hostel_g_gh5,0.951
mess_b8_trishul,hostel_g_gh6,0.891
mess_b8_trishul,loc_lhc_a,0.354
mess_b8_trishul,loc_lhc_b,0.298
mess_b8_trishul,loc_main_building,0.486
mess_b8_trishul,loc_main_gate,0.62
mess_b8_trishul,mess_b1_karavali,0.627
mess_b8_trishul,mess_b2_aravali,0.716
mess_b8_trishul,mess_b3_vindhya,0.582
mess_b8_trishul,mess_b4_satpura,0.462
mess_b8_trishul,mess_b5_nilgiri,0.326
mess_b8_trishul,mess_b7_sahyadri,0.496
mess_b8_trishul,mess_b8_trishul,0.0
mess_b8_trishul,mess_gb,0.543
mess_b8_trishul,mess_mega,0.358
mess_b8_trishul,mess_pg_new_brahmagiri,0.697
mess_b8_trishul,mess_pg_pushpagiri,0.807
mess_b8_trishul,loc_suprabha_boys,0.241
mess_b8_trishul,loc_suprabha_girls,0.956
mess_gb,loc_boys_coop,0.35
mess_gb,loc_central_library,0.534
mess_gb,dept_chem,0.849
mess_gb,dept_chemistry,0.474
mess_gb,dept_civil,0.823
mess_gb,dept_cse,1.127
mess_gb,dept_ece,1.152
mess_gb,dept_eee,1.211
mess_gb,dept_hssm,0.551
mess_gb,dept_it,1.186
mess_gb,dept_macs,0.485
mess_gb,dept_mech,0.952
mess_gb,dept_mining,0.773
mess_gb,dept_mme,0.687
mess_gb,dept_physics,0.524
mess_gb,dept_wroe,0.932
mess_gb,loc_e_library,0.61
mess_gb,loc_girls_coop,1.098
mess_gb,hostel_b_block1,0.193
mess_gb,hostel_b_block2,0.303
mess_gb,hostel_b_block3,0.437
mess_gb,hostel_b_block4,0.557
mess_gb,hostel_b_block5,0.693
mess_gb,hostel_b_block6,0.373
mess_gb,hostel_b_block7,0.062
mess_gb,hostel_b_block8,0.528
mess_gb,hostel_b_brahmagiri,0.263
mess_gb,hostel_b_mt1,0.49
mess_gb,hostel_b_mt2,0.61
mess_gb,hostel_b_mt3,0.675
mess_gb,hostel_b_shivalik,0.432
mess_gb,hostel_g_gh1,1.065
mess_gb,hostel_g_gh2,1.004
mess_gb,hostel_g_gh3,1.075
mess_gb,hostel_g_gh4,1.115
mess_gb,hostel_g_gh5,1.108
mess_gb,hostel_g_gh6,1.048
mess_gb,loc_lhc_a,0.511
mess_gb,loc_lhc_b,0.455
mess_gb,loc_main_building,0.643
mess_gb,loc_main_gate,0.777
mess_gb,mess_b1_karavali,0.208
mess_gb,mess_b2_aravali,0.318
mess_gb,mess_b3_vindhya,0.452
mess_gb,mess_b4_satpura,0.572
mess_gb,mess_b5_nilgiri,0.708
mess_gb,mess_b7_sahyadri,0.077
mess_gb,mess_b8_trishul,0.543
mess_gb,mess_gb,0.0
mess_gb,mess_mega,0.558
mess_gb,mess_pg_new_brahmagiri,0.278
mess_gb,mess_pg_pushpagiri,0.388
mess_gb,loc_suprabha_boys,0.729
mess_gb,loc_suprabha_girls,1.113
mess_mega,loc_boys_coop,0.208
mess_mega,loc_central_library,0.392
mess_mega,dept_chem,0.707
mess_mega,dept_chemistry,0.332
mess_mega,dept_civil,0.681
mess_mega,dept_cse,0.985
mess_mega,dept_ece,1.01
mess_mega,dept_eee,1.069
mess_mega,dept_hssm,0.409
mess_mega,dept_it,1.044
mess_mega,dept_macs,0.343
mess_mega,dept_mech,0.81
mess_mega,dept_mining,0.631
mess_mega,dept_mme,0.545
mess_mega,dept_physics,0.382
mess_mega,dept_wroe,0.79
mess_mega,loc_e_library,0.468
mess_mega,loc_girls_coop,0.956
mess_mega,hostel_b_block1,0.562
mess_mega,hostel_b_block2,0.452
mess_mega,hostel_b_block3,0.318
mess_mega,hostel_b_block4,0.198
mess_mega,hostel_b_block5,0.266
mess_mega,hostel_b_block6,0.742
mess_mega,hostel_b_block7,0.496
mess_mega,hostel_b_block8,0.343
mess_mega,hostel_b_brahmagiri,0.632
mess_mega,hostel_b_mt1,0.068
mess_mega,hostel_b_mt2,0.077
mess_mega,hostel_b_mt3,0.196
mess_mega,hostel_b_shivalik,0.29
mess_mega,hostel_g_gh1,0.923
mess_mega,hostel_g_gh2,0.862
mess_mega,hostel_g_gh3,0.933
mess_mega,hostel_g_gh4,0.973
mess_mega,hostel_g_gh5,0.966
mess_mega,hostel_g_gh6,0.906
mess_mega,loc_lhc_a,0.369
mess_mega,loc_lhc_b,0.313
mess_mega,loc_main_building,0.501
mess_mega,loc_main_gate,0.635
mess_mega,mess_b1_karavali,0.577
mess_mega,mess_b2_aravali,0.467
mess_mega,mess_b3_vindhya,0.333
mess_mega,mess_b4_satpura,0.213
mess_mega,mess_b5_nilgiri,0.281
mess_mega,mess_b7_sahyadri,0.511
mess_mega,mess_b8_trishul,0.358
mess_mega,mess_gb,0.558
mess_mega,mess_mega,0.0
mess_mega,mess_pg_new_brahmagiri,0.647
mess_mega,mess_pg_pushpagiri,0.757
mess_mega,loc_suprabha_boys,0.196
mess_mega,loc_suprabha_girls,0.971
mess_pg_new_brahmagiri,loc_boys_coop,0.504
mess_pg_new_brahmagiri,loc_central_library,0.688
mess_pg_new_brahmagiri,dept_chem,1.003
mess_pg_new_brahmagiri,dept_chemistry,0.628
mess_pg_new_brahmagiri,dept_civil,0.977
mess_pg_new_brahmagiri,dept_cse,1.281
mess_pg_new_brahmagiri,dept_ece,1.306
mess_pg_new_brahmagiri,dept_eee,1.365
mess_pg_new_brahmagiri,dept_hssm,0.705
mess_pg_new_brahmagiri,dept_it,1.34
mess_pg_new_brahmagiri,dept_macs,0.639
mess_pg_new_brahmagiri,dept_mech,1.106
mess_pg_new_brahmagiri,dept_mining,0.927
mess_pg_new_brahmagiri,dept_mme,0.841
mess_pg_new_brahmagiri,dept_physics,0.678
mess_pg_new_brahmagiri,dept_wroe,1.086
mess_pg_new_brahmagiri,loc_e_library,0.764
mess_pg_new_brahmagiri,loc_girls_coop,1.252
mess_pg_new_brahmagiri,hostel_b_block1,0.085
mess_pg_new_brahmagiri,hostel_b_block2,0.195
mess_pg_new_brahmagiri,hostel_b_block3,0.329
mess_pg_new_brahmagiri,hostel_b_block4,0.449
mess_pg_new_brahmagiri,hostel_b_block5,0.585
mess_pg_new_brahmagiri,hostel_b_block6,0.125
mess_pg_new_brahmagiri,hostel_b_block7,0.216
mess_pg_new_brahmagiri,hostel_b_block8,0.682
mess_pg_new_brahmagiri,hostel_b_brahmagiri,0.015
mess_pg_new_brahmagiri,hostel_b_mt1,0.644
mess_pg_new_brahmagiri,hostel_b_mt2,0.724
mess_pg_new_brahmagiri,hostel_b_mt3,0.734
mess_pg_new_brahmagiri,hostel_b_shivalik,0.586
mess_pg_new_brahmagiri,hostel_g_gh1,1.219
mess_pg_new_brahmagiri,hostel_g_gh2,1.158
mess_pg_new_brahmagiri,hostel_g_gh3,1.229
mess_pg_new_brahmagiri,hostel_g_gh4,1.269
mess_pg_new_brahmagiri,hostel_g_gh5,1.262
mess_pg_new_brahmagiri,hostel_g_gh6,1.202
mess_pg_new_brahmagiri,loc_lhc_a,0.665
mess_pg_new_brahmagiri,loc_lhc_b,0.609
mess_pg_new_brahmagiri,loc_main_building,0.797
mess_pg_new_brahmagiri,loc_main_gate,0.931
mess_pg_new_brahmagiri,mess_b1_karavali,0.1
mess_pg_new_brahmagiri,mess_b2_aravali,0.21
mess_pg_new_brahmagiri,mess_b3_vindhya,0.344
mess_pg_new_brahmagiri,mess_b4_satpura,0.464
mess_pg_new_brahmagiri,mess_b5_nilgiri,0.6
mess_pg_new_brahmagiri,mess_b7_sahyadri,0.231
mess_pg_new_brahmagiri,mess_b8_trishul,0.697
mess_pg_new_brahmagiri,mess_gb,0.278
mess_pg_new_brahmagiri,mess_mega,0.647
mess_pg_new_brahmagiri,mess_pg_new_brahmagiri,0.0
mess_pg_new_brahmagiri,mess_pg_pushpagiri,0.14
mess_pg_new_brahmagiri,loc_suprabha_boys,0.655
mess_pg_new_brahmagiri,loc_suprabha_girls,1.267
mess_pg_pushpagiri,loc_boys_coop,0.614
mess_pg_pushpagiri,loc_central_library,0.798
mess_pg_pushpagiri,dept_chem,1.113
mess_pg_pushpagiri,dept_chemistry,0.738
mess_pg_pushpagiri,dept_civil,1.087
mess_pg_pushpagiri,dept_cse,1.391
mess_pg_pushpagiri,dept_ece,1.416
mess_pg_pushpagiri,dept_eee,1.475
mess_pg_pushpagiri,dept_hssm,0.815
mess_pg_pushpagiri,dept_it,1.45
mess_pg_pushpagiri,dept_macs,0.749
mess_pg_pushpagiri,dept_mech,1.216
mess_pg_pushpagiri,dept_mining,1.037
mess_pg_pushpagiri,dept_mme,0.951
mess_pg_pushpagiri,dept_physics,0.788
mess_pg_pushpagiri,dept_wroe,1.196
mess_pg_pushpagiri,loc_e_library,0.874
mess_pg_pushpagiri,loc_girls_coop,1.362
mess_pg_pushpagiri,hostel_b_block1,0.195
mess_pg_pushpagiri,hostel_b_block2,0.305
mess_pg_pushpagiri,hostel_b_block3,0.439
mess_pg_pushpagiri,hostel_b_block4,0.559
mess_pg_pushpagiri,hostel_b_block5,0.695
mess_pg_pushpagiri,hostel_b_block6,0.015
mess_pg_pushpagiri,hostel_b_block7,0.326
mess_pg_pushpagiri,hostel_b_block8,0.792
mess_pg_pushpagiri,hostel_b_brahmagiri,0.125
mess_pg_pushpagiri,hostel_b_mt1,0.754
mess_pg_pushpagiri,hostel_b_mt2,0.834
mess_pg_pushpagiri,hostel_b_mt3,0.844
mess_pg_pushpagiri,hostel_b_shivalik,0.696
mess_pg_pushpagiri,hostel_g_gh1,1.329
mess_pg_pushpagiri,hostel_g_gh2,1.268
mess_pg_pushpagiri,hostel_g_gh3,1.339
mess_pg_pushpagiri,hostel_g_gh4,1.379
mess_pg_pushpagiri,hostel_g_gh5,1.372
mess_pg_pushpagiri,hostel_g_gh6,1.312
mess_pg_pushpagiri,loc_lhc_a,0.775
mess_pg_pushpagiri,loc_lhc_b,0.719
mess_pg_pushpagiri,loc_main_building,0.907
mess_pg_pushpagiri,loc_main_gate,1.041
mess_pg_pushpagiri,mess_b1_karavali,0.21
mess_pg_pushpagiri,mess_b2_aravali,0.32
mess_pg_pushpagiri,mess_b3_vindhya,0.454
mess_pg_pushpagiri,mess_b4_satpura,0.574
mess_pg_pushpagiri,mess_b5_nilgiri,0.71
mess_pg_pushpagiri,mess_b7_sahyadri,0.341
mess_pg_pushpagiri,mess_b8_trishul,0.807
mess_pg_pushpagiri,mess_gb,0.388
mess_pg_pushpagiri,mess_mega,0.757
mess_pg_pushpagiri,mess_pg_new_brahmagiri,0.14
mess_pg_pushpagiri,mess_pg_pushpagiri,0.0
mess_pg_pushpagiri,loc_suprabha_boys,0.765
mess_pg_pushpagiri,loc_suprabha_girls,1.377
loc_suprabha_boys,loc_boys_coop,0.379
loc_suprabha_boys,loc_central_library,0.563
loc_suprabha_boys,dept_chem,0.878
loc_suprabha_boys,dept_chemistry,0.503
loc_suprabha_boys,dept_civil,0.852
loc_suprabha_boys,dept_cse,1.156
loc_suprabha_boys,dept_ece,1.181
loc_suprabha_boys,dept_eee,1.24
loc_suprabha_boys,dept_hssm,0.58
loc_suprabha_boys,dept_it,1.215
loc_suprabha_boys,dept_macs,0.514
loc_suprabha_boys,dept_mech,0.981
loc_suprabha_boys,dept_mining,0.802
loc_suprabha_boys,dept_mme,0.716
loc_suprabha_boys,dept_physics,0.553
loc_suprabha_boys,dept_wroe,0.961
loc_suprabha_boys,loc_e_library,0.639
loc_suprabha_boys,loc_girls_coop,1.127
loc_suprabha_boys,hostel_b_block1,0.57
loc_suprabha_boys,hostel_b_block2,0.46
loc_suprabha_boys,hostel_b_block3,0.326
loc_suprabha_boys,hostel_b_block4,0.206
loc_suprabha_boys,hostel_b_block5,0.07
loc_suprabha_boys,hostel_b_block6,0.75
loc_suprabha_boys,hostel_b_block7,0.667
loc_suprabha_boys,hostel_b_block8,0.226
loc_suprabha_boys,hostel_b_brahmagiri,0.64
loc_suprabha_boys,hostel_b_mt1,0.239
loc_suprabha_boys,hostel_b_mt2,0.119
loc_suprabha_boys,hostel_b_mt3,0.079
loc_suprabha_boys,hostel_b_shivalik,0.322
loc_suprabha_boys,hostel_g_gh1,1.094
loc_suprabha_boys,hostel_g_gh2,1.033
loc_suprabha_boys,hostel_g_gh3,1.104
loc_suprabha_boys,hostel_g_gh4,1.144
loc_suprabha_boys,hostel_g_gh5,1.137
loc_suprabha_boys,hostel_g_gh6,1.077
loc_suprabha_boys,loc_lhc_a,0.54
loc_suprabha_boys,loc_lhc_b,0.484
loc_suprabha_boys,loc_main_building,0.672
loc_suprabha_boys,loc_main_gate,0.806
loc_suprabha_boys,mess_b1_karavali,0.585
loc_suprabha_boys,mess_b2_aravali,0.475
loc_suprabha_boys,mess_b3_vindhya,0.341
loc_suprabha_boys,mess_b4_satpura,0.221
loc_suprabha_boys,mess_b5_nilgiri,0.085
loc_suprabha_boys,mess_b7_sahyadri,0.682
loc_suprabha_boys,mess_b8_trishul,0.241
loc_suprabha_boys,mess_gb,0.729
loc_suprabha_boys,mess_mega,0.196
loc_suprabha_boys,mess_pg_new_brahmagiri,0.655
loc_suprabha_boys,mess_pg_pushpagiri,0.765
loc_suprabha_boys,loc_suprabha_boys,0.0
loc_suprabha_boys,loc_suprabha_girls,1.142
loc_suprabha_girls,loc_boys_coop,0.763
loc_suprabha_girls,loc_central_library,0.579
loc_suprabha_girls,dept_chem,0.264
loc_suprabha_girls,dept_chemistry,0.799
loc_suprabha_girls,dept_civil,0.382
loc_suprabha_girls,dept_cse,0.732
loc_suprabha_girls,dept_ece,0.732
loc_suprabha_girls,dept_eee,0.791
loc_suprabha_girls,dept_hssm,0.722
loc_suprabha_girls,dept_it,0.766
loc_suprabha_girls,dept_macs,0.628
loc_suprabha_girls,dept_mech,0.161
loc_suprabha_girls,dept_mining,0.432
loc_suprabha_girls,dept_mme,0.426
loc_suprabha_girls,dept_physics,0.749
loc_suprabha_girls,dept_wroe,0.333
loc_suprabha_girls,loc_e_library,0.503
loc_suprabha_girls,loc_girls_coop,0.015
loc_suprabha_girls,hostel_b_block1,1.182
loc_suprabha_girls,hostel_b_block2,1.292
loc_suprabha_girls,hostel_b_block3,1.289
loc_suprabha_girls,hostel_b_block4,1.169
loc_suprabha_girls,hostel_b_block5,1.212
loc_suprabha_girls,hostel_b_block6,1.362
loc_suprabha_girls,hostel_b_block7,1.051
loc_suprabha_girls,hostel_b_block8,0.941
loc_suprabha_girls,hostel_b_brahmagiri,1.252
loc_suprabha_girls,hostel_b_mt1,0.903
loc_suprabha_girls,hostel_b_mt2,1.023
loc_suprabha_girls,hostel_b_mt3,1.088
loc_suprabha_girls,hostel_b_shivalik,0.845
loc_suprabha_girls,hostel_g_gh1,0.262
loc_suprabha_girls,hostel_g_gh2,0.201
loc_suprabha_girls,hostel_g_gh3,0.13
loc_suprabha_girls,hostel_g_gh4,0.09
loc_suprabha_girls,hostel_g_gh5,0.125
loc_suprabha_girls,hostel_g_gh6,0.065
loc_suprabha_girls,loc_lhc_a,0.602
loc_suprabha_girls,loc_lhc_b,0.658
loc_suprabha_girls,loc_main_building,0.534
loc_suprabha_girls,loc_main_gate,0.544
loc_suprabha_girls,mess_b1_karavali,1.197
loc_suprabha_girls,mess_b2_aravali,1.307
loc_suprabha_girls,mess_b3_vindhya,1.304
loc_suprabha_girls,mess_b4_satpura,1.184
loc_suprabha_girls,mess_b5_nilgiri,1.227
loc_suprabha_girls,mess_b7_sahyadri,1.066
loc_suprabha_girls,mess_b8_trishul,0.956
loc_suprabha_girls,mess_gb,1.113
loc_suprabha_girls,mess_mega,0.971
loc_suprabha_girls,mess_pg_new_brahmagiri,1.267
loc_suprabha_girls,mess_pg_pushpagiri,1.377
loc_suprabha_girls,loc_suprabha_boys,1.142
loc_suprabha_girls,loc_suprabha_girls,0.0
