origin_id,destination_id,travel_time_min
loc_boys_coop,loc_boys_coop,0.0
loc_boys_coop,loc_central_library,0.82
loc_boys_coop,dept_chem,1.77
loc_boys_coop,dept_chemistry,0.37
loc_boys_coop,dept_civil,1.69
loc_boys_coop,dept_cse,2.95
loc_boys_coop,dept_ece,3.02
loc_boys_coop,dept_eee,3.19
loc_boys_coop,dept_hssm,0.6
loc_boys_coop,dept_it,3.12
loc_boys_coop,dept_macs,0.67
loc_boys_coop,dept_mech,2.08
loc_boys_coop,dept_mining,1.54
loc_boys_coop,dept_mme,1.28
loc_boys_coop,dept_physics,0.52
loc_boys_coop,dept_wroe,2.02
loc_boys_coop,loc_e_library,1.05
loc_boys_coop,loc_girls_coop,2.97
loc_boys_coop,hostel_b_block1,1.25
loc_boys_coop,hostel_b_block2,1.69
loc_boys_coop,hostel_b_block3,1.96
loc_boys_coop,hostel_b_block4,1.48
loc_boys_coop,hostel_b_block5,2.02
loc_boys_coop,hostel_b_block6,1.97
loc_boys_coop,hostel_b_block7,0.86
loc_boys_coop,hostel_b_block8,0.71
loc_boys_coop,hostel_b_brahmagiri,1.53
loc_boys_coop,hostel_b_mt1,0.42
loc_boys_coop,hostel_b_mt2,0.78
loc_boys_coop,hostel_b_mt3,1.14
loc_boys_coop,hostel_b_shivalik,0.33
loc_boys_coop,hostel_g_gh1,2.47
loc_boys_coop,hostel_g_gh2,2.23
loc_boys_coop,hostel_g_gh3,2.51
loc_boys_coop,hostel_g_gh4,2.67
loc_boys_coop,hostel_g_gh5,2.61
loc_boys_coop,hostel_g_gh6,2.37
loc_boys_coop,loc_lhc_a,0.98
loc_boys_coop,loc_lhc_b,0.31
loc_boys_coop,loc_main_building,1.15
loc_boys_coop,loc_main_gate,1.55
loc_boys_coop,mess_b1_karavali,1.43
loc_boys_coop,mess_b2_aravali,1.87
loc_boys_coop,mess_b3_vindhya,2.14
loc_boys_coop,mess_b4_satpura,1.66
loc_boys_coop,mess_b5_nilgiri,2.2
loc_boys_coop,mess_b7_sahyadri,1.04
loc_boys_coop,mess_b8_trishul,0.89
loc_boys_coop,mess_gb,1.6
loc_boys_coop,mess_mega,0.69
loc_boys_coop,mess_pg_new_brahmagiri,1.71
loc_boys_coop,mess_pg_pushpagiri,2.15
loc_boys_coop,loc_suprabha_boys,1.26
loc_boys_coop,loc_suprabha_girls,3.15
loc_central_library,loc_boys_coop,0.82
loc_central_library,loc_central_library,0.0
loc_central_library,dept_chem,0.95
loc_central_library,dept_chemistry,0.66
loc_central_library,dept_civil,0.87
loc_central_library,dept_cse,2.13
loc_central_library,dept_ece,2.2
loc_central_library,dept_eee,2.37
loc_central_library,dept_hssm,0.43
loc_central_library,dept_it,2.3
loc_central_library,dept_macs,0.15
loc_central_library,dept_mech,1.26
loc_central_library,dept_mining,0.72
loc_central_library,dept_mme,0.46
loc_central_library,dept_physics,0.51
loc_central_library,dept_wroe,1.2
loc_central_library,loc_e_library,0.23
loc_central_library,loc_girls_coop,2.15
loc_central_library,hostel_b_block1,2.07
loc_central_library,hostel_b_block2,2.51
loc_central_library,hostel_b_block3,2.78
loc_central_library,hostel_b_block4,2.3
loc_central_library,hostel_b_block5,2.84
loc_central_library,hostel_b_block6,2.79
loc_central_library,hostel_b_block7,1.68
loc_central_library,hostel_b_block8,1.53
loc_central_library,hostel_b_brahmagiri,2.35
loc_central_library,hostel_b_mt1,1.24
loc_central_library,hostel_b_mt2,1.6
loc_central_library,hostel_b_mt3,1.96
loc_central_library,hostel_b_shivalik,1.15
loc_central_library,hostel_g_gh1,1.65
loc_central_library,hostel_g_gh2,1.41
loc_central_library,hostel_g_gh3,1.69
loc_central_library,hostel_g_gh4,1.85
loc_central_library,hostel_g_gh5,1.79
loc_central_library,hostel_g_gh6,1.55
loc_central_library,loc_lhc_a,0.28
loc_central_library,loc_lhc_b,0.51
loc_central_library,loc_main_building,0.33
loc_central_library,loc_main_gate,0.73
loc_central_library,mess_b1_karavali,2.25
loc_central_library,mess_b2_aravali,2.69
loc_central_library,mess_b3_vindhya,2.96
loc_central_library,mess_b4_satpura,2.48
loc_central_library,mess_b5_nilgiri,3.02
loc_central_library,mess_b7_sahyadri,1.86
loc_central_library,mess_b8_trishul,1.71
loc_central_library,mess_gb,2.42
loc_central_library,mess_mega,1.51
loc_central_library,mess_pg_new_brahmagiri,2.53
loc_central_library,mess_pg_pushpagiri,2.97
loc_central_library,loc_suprabha_boys,2.08
loc_central_library,loc_suprabha_girls,2.33
dept_chem,loc_boys_coop,1.77
dept_chem,loc_central_library,0.95
dept_chem,dept_chem,0.0
dept_chem,dept_chemistry,1.61
dept_chem,dept_civil,1.16
dept_chem,dept_cse,2.56
dept_chem,dept_ece,2.56
dept_chem,dept_eee,2.73
dept_chem,dept_hssm,1.38
dept_chem,dept_it,2.66
dept_chem,dept_macs,1.1
dept_chem,dept_mech,0.31
dept_chem,dept_mining,1.21
dept_chem,dept_mme,0.49
dept_chem,dept_physics,1.46
dept_chem,dept_wroe,0.83
dept_chem,loc_e_library,0.72
dept_chem,loc_girls_coop,1.2
dept_chem,hostel_b_block1,3.02
dept_chem,hostel_b_block2,3.46
dept_chem,hostel_b_block3,3.73
dept_chem,hostel_b_block4,3.25
dept_chem,hostel_b_block5,3.79
dept_chem,hostel_b_block6,3.74
dept_chem,hostel_b_block7,2.63
dept_chem,hostel_b_block8,2.48
dept_chem,hostel_b_brahmagiri,3.3
dept_chem,hostel_b_mt1,2.19
dept_chem,hostel_b_mt2,2.55
dept_chem,hostel_b_mt3,2.91
dept_chem,hostel_b_shivalik,2.1
dept_chem,hostel_g_gh1,1.28
dept_chem,hostel_g_gh2,1.46
dept_chem,hostel_g_gh3,1.18
dept_chem,hostel_g_gh4,1.02
dept_chem,hostel_g_gh5,0.84
dept_chem,hostel_g_gh6,0.6
dept_chem,loc_lhc_a,1.23
dept_chem,loc_lhc_b,1.46
dept_chem,loc_main_building,0.81
dept_chem,loc_main_gate,1.21
dept_chem,mess_b1_karavali,3.2
dept_chem,mess_b2_aravali,3.64
dept_chem,mess_b3_vindhya,3.91
dept_chem,mess_b4_satpura,3.43
dept_chem,mess_b5_nilgiri,3.97
dept_chem,mess_b7_sahyadri,2.81
dept_chem,mess_b8_trishul,2.66
dept_chem,mess_gb,3.37
dept_chem,mess_mega,2.46
dept_chem,mess_pg_new_brahmagiri,3.48
dept_chem,mess_pg_pushpagiri,3.92
dept_chem,loc_suprabha_boys,3.03
dept_chem,loc_suprabha_girls,1.38
dept_chemistry,loc_boys_coop,0.37
dept_chemistry,loc_central_library,0.66
dept_chemistry,dept_chem,1.61
dept_chemistry,dept_chemistry,0.0
dept_chemistry,dept_civil,1.53
dept_chemistry,dept_cse,2.79
dept_chemistry,dept_ece,2.86
dept_chemistry,dept_eee,3.03
dept_chemistry,dept_hssm,0.23
dept_chemistry,dept_it,2.96
dept_chemistry,dept_macs,0.51
dept_chemistry,dept_mech,1.92
dept_chemistry,dept_mining,1.38
dept_chemistry,dept_mme,1.12
dept_chemistry,dept_physics,0.15
dept_chemistry,dept_wroe,1.86
dept_chemistry,loc_e_library,0.89
dept_chemistry,loc_girls_coop,2.81
dept_chemistry,hostel_b_block1,1.62
dept_chemistry,hostel_b_block2,2.06
dept_chemistry,hostel_b_block3,2.33
dept_chemistry,hostel_b_block4,1.85
dept_chemistry,hostel_b_block5,2.39
dept_chemistry,hostel_b_block6,2.34
dept_chemistry,hostel_b_block7,1.23
dept_chemistry,hostel_b_block8,1.08
dept_chemistry,hostel_b_brahmagiri,1.9
dept_chemistry,hostel_b_mt1,0.79
dept_chemistry,hostel_b_mt2,1.15
dept_chemistry,hostel_b_mt3,1.51
dept_chemistry,hostel_b_shivalik,0.7
dept_chemistry,hostel_g_gh1,2.31
dept_chemistry,hostel_g_gh2,2.07
dept_chemistry,hostel_g_gh3,2.35
dept_chemistry,hostel_g_gh4,2.51
dept_chemistry,hostel_g_gh5,2.45
dept_chemistry,hostel_g_gh6,2.21
dept_chemistry,loc_lhc_a,0.94
dept_chemistry,loc_lhc_b,0.68
dept_chemistry,loc_main_building,0.99
dept_chemistry,loc_main_gate,1.39
dept_chemistry,mess_b1_karavali,1.8
dept_chemistry,mess_b2_aravali,2.24
dept_chemistry,mess_b3_vindhya,2.51
dept_chemistry,mess_b4_satpura,2.03
dept_chemistry,mess_b5_nilgiri,2.57
dept_chemistry,mess_b7_sahyadri,1.41
dept_chemistry,mess_b8_trishul,1.26
dept_chemistry,mess_gb,1.97
dept_chemistry,mess_mega,1.06
dept_chemistry,mess_pg_new_brahmagiri,2.08
dept_chemistry,mess_pg_pushpagiri,2.52
dept_chemistry,loc_suprabha_boys,1.63
dept_chemistry,loc_suprabha_girls,2.99
dept_civil,loc_boys_coop,1.69
dept_civil,loc_central_library,0.87
dept_civil,dept_chem,1.16
dept_civil,dept_chemistry,1.53
dept_civil,dept_civil,0.0
dept_civil,dept_cse,1.4
dept_civil,dept_ece,1.4
dept_civil,dept_eee,1.57
dept_civil,dept_hssm,1.3
dept_civil,dept_it,1.5
dept_civil,dept_macs,1.02
dept_civil,dept_mech,0.85
dept_civil,dept_mining,0.15
dept_civil,dept_mme,0.87
dept_civil,dept_physics,1.38
dept_civil,dept_wroe,0.33
dept_civil,loc_e_library,0.92
dept_civil,loc_girls_coop,1.74
dept_civil,hostel_b_block1,2.94
dept_civil,hostel_b_block2,3.38
dept_civil,hostel_b_block3,3.65
dept_civil,hostel_b_block4,3.17
dept_civil,hostel_b_block5,3.71
dept_civil,hostel_b_block6,3.66
dept_civil,hostel_b_block7,2.55
dept_civil,hostel_b_block8,2.4
dept_civil,hostel_b_brahmagiri,3.22
dept_civil,hostel_b_mt1,2.11
dept_civil,hostel_b_mt2,2.47
dept_civil,hostel_b_mt3,2.83
dept_civil,hostel_b_shivalik,2.02
dept_civil,hostel_g_gh1,0.78
dept_civil,hostel_g_gh2,0.54
dept_civil,hostel_g_gh3,0.82
dept_civil,hostel_g_gh4,0.98
dept_civil,hostel_g_gh5,1.16
dept_civil,hostel_g_gh6,1.14
dept_civil,loc_lhc_a,1.15
dept_civil,loc_lhc_b,1.38
dept_civil,loc_main_building,0.55
dept_civil,loc_main_gate,0.49
dept_civil,mess_b1_karavali,3.12
dept_civil,mess_b2_aravali,3.56
dept_civil,mess_b3_vindhya,3.83
dept_civil,mess_b4_satpura,3.35
dept_civil,mess_b5_nilgiri,3.89
dept_civil,mess_b7_sahyadri,2.73
dept_civil,mess_b8_trishul,2.58
dept_civil,mess_gb,3.29
dept_civil,mess_mega,2.38
dept_civil,mess_pg_new_brahmagiri,3.4
dept_civil,mess_pg_pushpagiri,3.84
dept_civil,loc_suprabha_boys,2.95
dept_civil,loc_suprabha_girls,1.92
dept_cse,loc_boys_coop,2.95
dept_cse,loc_central_library,2.13
dept_cse,dept_chem,2.56
dept_cse,dept_chemistry,2.79
dept_cse,dept_civil,1.4
dept_cse,dept_cse,0.0
dept_cse,dept_ece,0.07
dept_cse,dept_eee,0.24
dept_cse,dept_hssm,2.56
dept_cse,dept_it,0.17
dept_cse,dept_macs,2.28
dept_cse,dept_mech,2.25
dept_cse,dept_mining,1.55
dept_cse,dept_mme,2.12
dept_cse,dept_physics,2.64
dept_cse,dept_wroe,1.73
dept_cse,loc_e_library,2.17
dept_cse,loc_girls_coop,3.14
dept_cse,hostel_b_block1,4.2
dept_cse,hostel_b_block2,4.64
dept_cse,hostel_b_block3,4.91
dept_cse,hostel_b_block4,4.43
dept_cse,hostel_b_block5,4.97
dept_cse,hostel_b_block6,4.92
dept_cse,hostel_b_block7,3.81
dept_cse,hostel_b_block8,3.66
dept_cse,hostel_b_brahmagiri,4.48
dept_cse,hostel_b_mt1,3.37
dept_cse,hostel_b_mt2,3.73
dept_cse,hostel_b_mt3,4.09
dept_cse,hostel_b_shivalik,3.28
dept_cse,hostel_g_gh1,2.18
dept_cse,hostel_g_gh2,1.94
dept_cse,hostel_g_gh3,2.22
dept_cse,hostel_g_gh4,2.38
dept_cse,hostel_g_gh5,2.56
dept_cse,hostel_g_gh6,2.54
dept_cse,loc_lhc_a,2.41
dept_cse,loc_lhc_b,2.64
dept_cse,loc_main_building,1.8
dept_cse,loc_main_gate,1.4
dept_cse,mess_b1_karavali,4.38
dept_cse,mess_b2_aravali,4.82
dept_cse,mess_b3_vindhya,5.09
dept_cse,mess_b4_satpura,4.61
dept_cse,mess_b5_nilgiri,5.15
dept_cse,mess_b7_sahyadri,3.99
dept_cse,mess_b8_trishul,3.84
dept_cse,mess_gb,4.55
dept_cse,mess_mega,3.64
dept_cse,mess_pg_new_brahmagiri,4.66
dept_cse,mess_pg_pushpagiri,5.1
dept_cse,loc_suprabha_boys,4.21
dept_cse,loc_suprabha_girls,3.32
dept_ece,loc_boys_coop,3.02
dept_ece,loc_central_library,2.2
dept_ece,dept_chem,2.56
dept_ece,dept_chemistry,2.86
dept_ece,dept_civil,1.4
dept_ece,dept_cse,0.07
dept_ece,dept_ece,0.0
dept_ece,dept_eee,0.17
dept_ece,dept_hssm,2.63
dept_ece,dept_it,0.1
dept_ece,dept_macs,2.35
dept_ece,dept_mech,2.25
dept_ece,dept_mining,1.55
dept_ece,dept_mme,2.19
dept_ece,dept_physics,2.71
dept_ece,dept_wroe,1.73
dept_ece,loc_e_library,2.24
dept_ece,loc_girls_coop,3.14
dept_ece,hostel_b_block1,4.27
dept_ece,hostel_b_block2,4.71
dept_ece,hostel_b_block3,4.98
dept_ece,hostel_b_block4,4.5
dept_ece,hostel_b_block5,5.04
dept_ece,hostel_b_block6,4.99
dept_ece,hostel_b_block7,3.88
dept_ece,hostel_b_block8,3.73
dept_ece,hostel_b_brahmagiri,4.55
dept_ece,hostel_b_mt1,3.44
dept_ece,hostel_b_mt2,3.8
dept_ece,hostel_b_mt3,4.16
dept_ece,hostel_b_shivalik,3.35
dept_ece,hostel_g_gh1,2.18
dept_ece,hostel_g_gh2,1.94
dept_ece,hostel_g_gh3,2.22
dept_ece,hostel_g_gh4,2.38
dept_ece,hostel_g_gh5,2.56
dept_ece,hostel_g_gh6,2.54
dept_ece,loc_lhc_a,2.48
dept_ece,loc_lhc_b,2.71
dept_ece,loc_main_building,1.87
dept_ece,loc_main_gate,1.47
dept_ece,mess_b1_karavali,4.45
dept_ece,mess_b2_aravali,4.89
dept_ece,mess_b3_vindhya,5.16
dept_ece,mess_b4_satpura,4.68
dept_ece,mess_b5_nilgiri,5.22
dept_ece,mess_b7_sahyadri,4.06
dept_ece,mess_b8_trishul,3.91
dept_ece,mess_gb,4.62
dept_ece,mess_mega,3.71
dept_ece,mess_pg_new_brahmagiri,4.73
dept_ece,mess_pg_pushpagiri,5.17
dept_ece,loc_suprabha_boys,4.28
dept_ece,loc_suprabha_girls,3.32
dept_eee,loc_boys_coop,3.19
dept_eee,loc_central_library,2.37
dept_eee,dept_chem,2.73
dept_eee,dept_chemistry,3.03
dept_eee,dept_civil,1.57
dept_eee,dept_cse,0.24
dept_eee,dept_ece,0.17
dept_eee,dept_eee,0.0
dept_eee,dept_hssm,2.8
dept_eee,dept_it,0.07
dept_eee,dept_macs,2.52
dept_eee,dept_mech,2.42
dept_eee,dept_mining,1.72
dept_eee,dept_mme,2.36
dept_eee,dept_physics,2.88
dept_eee,dept_wroe,1.9
dept_eee,loc_e_library,2.41
dept_eee,loc_girls_coop,3.31
dept_eee,hostel_b_block1,4.44
dept_eee,hostel_b_block2,4.88
dept_eee,hostel_b_block3,5.15
dept_eee,hostel_b_block4,4.67
dept_eee,hostel_b_block5,5.21
dept_eee,hostel_b_block6,5.16
dept_eee,hostel_b_block7,4.05
dept_eee,hostel_b_block8,3.9
dept_eee,hostel_b_brahmagiri,4.72
dept_eee,hostel_b_mt1,3.61
dept_eee,hostel_b_mt2,3.97
dept_eee,hostel_b_mt3,4.33
dept_eee,hostel_b_shivalik,3.52
dept_eee,hostel_g_gh1,2.35
dept_eee,hostel_g_gh2,2.11
dept_eee,hostel_g_gh3,2.39
dept_eee,hostel_g_gh4,2.55
dept_eee,hostel_g_gh5,2.73
dept_eee,hostel_g_gh6,2.71
dept_eee,loc_lhc_a,2.65
dept_eee,loc_lhc_b,2.88
dept_eee,loc_main_building,2.04
dept_eee,loc_main_gate,1.64
dept_eee,mess_b1_karavali,4.62
dept_eee,mess_b2_aravali,5.06
dept_eee,mess_b3_vindhya,5.33
dept_eee,mess_b4_satpura,4.85
dept_eee,mess_b5_nilgiri,5.39
dept_eee,mess_b7_sahyadri,4.23
dept_eee,mess_b8_trishul,4.08
dept_eee,mess_gb,4.79
dept_eee,mess_mega,3.88
dept_eee,mess_pg_new_brahmagiri,4.9
dept_eee,mess_pg_pushpagiri,5.34
dept_eee,loc_suprabha_boys,4.45
dept_eee,loc_suprabha_girls,3.49
dept_hssm,loc_boys_coop,0.6
dept_hssm,loc_central_library,0.43
dept_hssm,dept_chem,1.38
dept_hssm,dept_chemistry,0.23
dept_hssm,dept_civil,1.3
dept_hssm,dept_cse,2.56
dept_hssm,dept_ece,2.63
dept_hssm,dept_eee,2.8
dept_hssm,dept_hssm,0.0
dept_hssm,dept_it,2.73
dept_hssm,dept_macs,0.28
dept_hssm,dept_mech,1.69
dept_hssm,dept_mining,1.15
dept_hssm,dept_mme,0.89
dept_hssm,dept_physics,0.08
dept_hssm,dept_wroe,1.63
dept_hssm,loc_e_library,0.66
dept_hssm,loc_girls_coop,2.58
dept_hssm,hostel_b_block1,1.85
dept_hssm,hostel_b_block2,2.29
dept_hssm,hostel_b_block3,2.56
dept_hssm,hostel_b_block4,2.08
dept_hssm,hostel_b_block5,2.62
dept_hssm,hostel_b_block6,2.57
dept_hssm,hostel_b_block7,1.46
dept_hssm,hostel_b_block8,1.31
dept_hssm,hostel_b_brahmagiri,2.13
dept_hssm,hostel_b_mt1,1.02
dept_hssm,hostel_b_mt2,1.38
dept_hssm,hostel_b_mt3,1.74
dept_hssm,hostel_b_shivalik,0.93
dept_hssm,hostel_g_gh1,2.08
dept_hssm,hostel_g_gh2,1.84
dept_hssm,hostel_g_gh3,2.12
dept_hssm,hostel_g_gh4,2.28
dept_hssm,hostel_g_gh5,2.22
dept_hssm,hostel_g_gh6,1.98
dept_hssm,loc_lhc_a,0.71
dept_hssm,loc_lhc_b,0.64
dept_hssm,loc_main_building,0.76
dept_hssm,loc_main_gate,1.16
dept_hssm,mess_b1_karavali,2.03
dept_hssm,mess_b2_aravali,2.47
dept_hssm,mess_b3_vindhya,2.74
dept_hssm,mess_b4_satpura,2.26
dept_hssm,mess_b5_nilgiri,2.8
dept_hssm,mess_b7_sahyadri,1.64
dept_hssm,mess_b8_trishul,1.49
dept_hssm,mess_gb,2.2
dept_hssm,mess_mega,1.29
dept_hssm,mess_pg_new_brahmagiri,2.31
dept_hssm,mess_pg_pushpagiri,2.75
dept_hssm,loc_suprabha_boys,1.86
dept_hssm,loc_suprabha_girls,2.76
dept_it,loc_boys_coop,3.12
dept_it,loc_central_library,2.3
dept_it,dept_chem,2.66
dept_it,dept_chemistry,2.96
dept_it,dept_civil,1.5
dept_it,dept_cse,0.17
dept_it,dept_ece,0.1
dept_it,dept_eee,0.07
dept_it,dept_hssm,2.73
dept_it,dept_it,0.0
dept_it,dept_macs,2.45
dept_it,dept_mech,2.35
dept_it,dept_mining,1.65
dept_it,dept_mme,2.29
dept_it,dept_physics,2.81
dept_it,dept_wroe,1.83
dept_it,loc_e_library,2.34
dept_it,loc_girls_coop,3.24
dept_it,hostel_b_block1,4.37
dept_it,hostel_b_block2,4.81
dept_it,hostel_b_block3,5.08
dept_it,hostel_b_block4,4.6
dept_it,hostel_b_block5,5.14
dept_it,hostel_b_block6,5.09
dept_it,hostel_b_block7,3.98
dept_it,hostel_b_block8,3.83
dept_it,hostel_b_brahmagiri,4.65
dept_it,hostel_b_mt1,3.54
dept_it,hostel_b_mt2,3.9
dept_it,hostel_b_mt3,4.26
dept_it,hostel_b_shivalik,3.45
dept_it,hostel_g_gh1,2.28
dept_it,hostel_g_gh2,2.04
dept_it,hostel_g_gh3,2.32
dept_it,hostel_g_gh4,2.48
dept_it,hostel_g_gh5,2.66
dept_it,hostel_g_gh6,2.64
dept_it,loc_lhc_a,2.58
dept_it,loc_lhc_b,2.81
dept_it,loc_main_building,1.97
dept_it,loc_main_gate,1.57
dept_it,mess_b1_karavali,4.55
dept_it,mess_b2_aravali,4.99
dept_it,mess_b3_vindhya,5.26
dept_it,mess_b4_satpura,4.78
dept_it,mess_b5_nilgiri,5.32
dept_it,mess_b7_sahyadri,4.16
dept_it,mess_b8_trishul,4.01
dept_it,mess_gb,4.72
dept_it,mess_mega,3.81
dept_it,mess_pg_new_brahmagiri,4.83
dept_it,mess_pg_pushpagiri,5.27
dept_it,loc_suprabha_boys,4.38
dept_it,loc_suprabha_girls,3.42
dept_macs,loc_boys_coop,0.67
dept_macs,loc_central_library,0.15
dept_macs,dept_chem,1.1
dept_macs,dept_chemistry,0.51
dept_macs,dept_civil,1.02
dept_macs,dept_cse,2.28
dept_macs,dept_ece,2.35
dept_macs,dept_eee,2.52
dept_macs,dept_hssm,0.28
dept_macs,dept_it,2.45
dept_macs,dept_macs,0.0
dept_macs,dept_mech,1.41
dept_macs,dept_mining,0.87
dept_macs,dept_mme,0.61
dept_macs,dept_physics,0.36
dept_macs,dept_wroe,1.35
dept_macs,loc_e_library,0.38
dept_macs,loc_girls_coop,2.3
dept_macs,hostel_b_block1,1.92
dept_macs,hostel_b_block2,2.36
dept_macs,hostel_b_block3,2.63
dept_macs,hostel_b_block4,2.15
dept_macs,hostel_b_block5,2.69
dept_macs,hostel_b_block6,2.64
dept_macs,hostel_b_block7,1.53
dept_macs,hostel_b_block8,1.38
dept_macs,hostel_b_brahmagiri,2.2
dept_macs,hostel_b_mt1,1.09
dept_macs,hostel_b_mt2,1.45
dept_macs,hostel_b_mt3,1.81
dept_macs,hostel_b_shivalik,1.0
dept_macs,hostel_g_gh1,1.8
dept_macs,hostel_g_gh2,1.56
dept_macs,hostel_g_gh3,1.84
dept_macs,hostel_g_gh4,2.0
dept_macs,hostel_g_gh5,1.94
dept_macs,hostel_g_gh6,1.7
dept_macs,loc_lhc_a,0.43
dept_macs,loc_lhc_b,0.36
dept_macs,loc_main_building,0.48
dept_macs,loc_main_gate,0.88
dept_macs,mess_b1_karavali,2.1
dept_macs,mess_b2_aravali,2.54
dept_macs,mess_b3_vindhya,2.81
dept_macs,mess_b4_satpura,2.33
dept_macs,mess_b5_nilgiri,2.87
dept_macs,mess_b7_sahyadri,1.71
dept_macs,mess_b8_trishul,1.56
dept_macs,mess_gb,2.27
dept_macs,mess_mega,1.36
dept_macs,mess_pg_new_brahmagiri,2.38
dept_macs,mess_pg_pushpagiri,2.82
dept_macs,loc_suprabha_boys,1.93
dept_macs,loc_suprabha_girls,2.48
dept_mech,loc_boys_coop,2.08
dept_mech,loc_central_library,1.26
dept_mech,dept_chem,0.31
dept_mech,dept_chemistry,1.92
dept_mech,dept_civil,0.85
dept_mech,dept_cse,2.25
dept_mech,dept_ece,2.25
dept_mech,dept_eee,2.42
dept_mech,dept_hssm,1.69
dept_mech,dept_it,2.35
dept_mech,dept_macs,1.41
dept_mech,dept_mech,0.0
dept_mech,dept_mining,1.0
dept_mech,dept_mme,0.8
dept_mech,dept_physics,1.77
dept_mech,dept_wroe,0.52
dept_mech,loc_e_library,1.03
dept_mech,loc_girls_coop,0.89
dept_mech,hostel_b_block1,3.33
dept_mech,hostel_b_block2,3.77
dept_mech,hostel_b_block3,4.04
dept_mech,hostel_b_block4,3.56
dept_mech,hostel_b_block5,4.1
dept_mech,hostel_b_block6,4.05
dept_mech,hostel_b_block7,2.94
dept_mech,hostel_b_block8,2.79
dept_mech,hostel_b_brahmagiri,3.61
dept_mech,hostel_b_mt1,2.5
dept_mech,hostel_b_mt2,2.86
dept_mech,hostel_b_mt3,3.22
dept_mech,hostel_b_shivalik,2.41
dept_mech,hostel_g_gh1,0.97
dept_mech,hostel_g_gh2,1.15
dept_mech,hostel_g_gh3,0.87
dept_mech,hostel_g_gh4,0.71
dept_mech,hostel_g_gh5,0.53
dept_mech,hostel_g_gh6,0.29
dept_mech,loc_lhc_a,1.54
dept_mech,loc_lhc_b,1.77
dept_mech,loc_main_building,1.12
dept_mech,loc_main_gate,1.34
dept_mech,mess_b1_karavali,3.51
dept_mech,mess_b2_aravali,3.95
dept_mech,mess_b3_vindhya,4.22
dept_mech,mess_b4_satpura,3.74
dept_mech,mess_b5_nilgiri,4.28
dept_mech,mess_b7_sahyadri,3.12
dept_mech,mess_b8_trishul,2.97
dept_mech,mess_gb,3.68
dept_mech,mess_mega,2.77
dept_mech,mess_pg_new_brahmagiri,3.79
dept_mech,mess_pg_pushpagiri,4.23
dept_mech,loc_suprabha_boys,3.34
dept_mech,loc_suprabha_girls,1.07
dept_mining,loc_boys_coop,1.54
dept_mining,loc_central_library,0.72
dept_mining,dept_chem,1.21
dept_mining,dept_chemistry,1.38
dept_mining,dept_civil,0.15
dept_mining,dept_cse,1.55
dept_mining,dept_ece,1.55
dept_mining,dept_eee,1.72
dept_mining,dept_hssm,1.15
dept_mining,dept_it,1.65
dept_mining,dept_macs,0.87
dept_mining,dept_mech,1.0
dept_mining,dept_mining,0.0
dept_mining,dept_mme,0.72
dept_mining,dept_physics,1.23
dept_mining,dept_wroe,0.48
dept_mining,loc_e_library,0.77
dept_mining,loc_girls_coop,1.89
dept_mining,hostel_b_block1,2.79
dept_mining,hostel_b_block2,3.23
dept_mining,hostel_b_block3,3.5
dept_mining,hostel_b_block4,3.02
dept_mining,hostel_b_block5,3.56
dept_mining,hostel_b_block6,3.51
dept_mining,hostel_b_block7,2.4
dept_mining,hostel_b_block8,2.25
dept_mining,hostel_b_brahmagiri,3.07
dept_mining,hostel_b_mt1,1.96
dept_mining,hostel_b_mt2,2.32
dept_mining,hostel_b_mt3,2.68
dept_mining,hostel_b_shivalik,1.87
dept_mining,hostel_g_gh1,0.93
dept_mining,hostel_g_gh2,0.69
dept_mining,hostel_g_gh3,0.97
dept_mining,hostel_g_gh4,1.13
dept_mining,hostel_g_gh5,1.31
dept_mining,hostel_g_gh6,1.29
dept_mining,loc_lhc_a,1.0
dept_mining,loc_lhc_b,1.23
dept_mining,loc_main_building,0.4
dept_mining,loc_main_gate,0.64
dept_mining,mess_b1_karavali,2.97
dept_mining,mess_b2_aravali,3.41
dept_mining,mess_b3_vindhya,3.68
dept_mining,mess_b4_satpura,3.2
dept_mining,mess_b5_nilgiri,3.74
dept_mining,mess_b7_sahyadri,2.58
dept_mining,mess_b8_trishul,2.43
dept_mining,mess_gb,3.14
dept_mining,mess_mega,2.23
dept_mining,mess_pg_new_brahmagiri,3.25
dept_mining,mess_pg_pushpagiri,3.69
dept_mining,loc_suprabha_boys,2.8
dept_mining,loc_suprabha_girls,2.07
dept_mme,loc_boys_coop,1.28
dept_mme,loc_central_library,0.46
dept_mme,dept_chem,0.49
dept_mme,dept_chemistry,1.12
dept_mme,dept_civil,0.87
dept_mme,dept_cse,2.12
dept_mme,dept_ece,2.19
dept_mme,dept_eee,2.36
dept_mme,dept_hssm,0.89
dept_mme,dept_it,2.29
dept_mme,dept_macs,0.61
dept_mme,dept_mech,0.8
dept_mme,dept_mining,0.72
dept_mme,dept_mme,0.0
dept_mme,dept_physics,0.97
dept_mme,dept_wroe,1.2
dept_mme,loc_e_library,0.23
dept_mme,loc_girls_coop,1.69
dept_mme,hostel_b_block1,2.53
dept_mme,hostel_b_block2,2.97
dept_mme,hostel_b_block3,3.24
dept_mme,hostel_b_block4,2.76
dept_mme,hostel_b_block5,3.3
dept_mme,hostel_b_block6,3.25
dept_mme,hostel_b_block7,2.14
dept_mme,hostel_b_block8,1.99
dept_mme,hostel_b_brahmagiri,2.81
dept_mme,hostel_b_mt1,1.7
dept_mme,hostel_b_mt2,2.06
dept_mme,hostel_b_mt3,2.42
dept_mme,hostel_b_shivalik,1.61
dept_mme,hostel_g_gh1,1.65
dept_mme,hostel_g_gh2,1.41
dept_mme,hostel_g_gh3,1.67
dept_mme,hostel_g_gh4,1.51
dept_mme,hostel_g_gh5,1.33
dept_mme,hostel_g_gh6,1.09
dept_mme,loc_lhc_a,0.74
dept_mme,loc_lhc_b,0.97
dept_mme,loc_main_building,0.32
dept_mme,loc_main_gate,0.72
dept_mme,mess_b1_karavali,2.71
dept_mme,mess_b2_aravali,3.15
dept_mme,mess_b3_vindhya,3.42
dept_mme,mess_b4_satpura,2.94
dept_mme,mess_b5_nilgiri,3.48
dept_mme,mess_b7_sahyadri,2.32
dept_mme,mess_b8_trishul,2.17
dept_mme,mess_gb,2.88
dept_mme,mess_mega,1.97
dept_mme,mess_pg_new_brahmagiri,2.99
dept_mme,mess_pg_pushpagiri,3.43
dept_mme,loc_suprabha_boys,2.54
dept_mme,loc_suprabha_girls,1.87
dept_physics,loc_boys_coop,0.52
dept_physics,loc_central_library,0.51
dept_physics,dept_chem,1.46
dept_physics,dept_chemistry,0.15
dept_physics,dept_civil,1.38
dept_physics,dept_cse,2.64
dept_physics,dept_ece,2.71
dept_physics,dept_eee,2.88
dept_physics,dept_hssm,0.08
dept_physics,dept_it,2.81
dept_physics,dept_macs,0.36
dept_physics,dept_mech,1.77
dept_physics,dept_mining,1.23
dept_physics,dept_mme,0.97
dept_physics,dept_physics,0.0
dept_physics,dept_wroe,1.71
dept_physics,loc_e_library,0.74
dept_physics,loc_girls_coop,2.66
dept_physics,hostel_b_block1,1.77
dept_physics,hostel_b_block2,2.21
dept_physics,hostel_b_block3,2.48
dept_physics,hostel_b_block4,2.0
dept_physics,hostel_b_block5,2.54
dept_physics,hostel_b_block6,2.49
dept_physics,hostel_b_block7,1.38
dept_physics,hostel_b_block8,1.23
dept_physics,hostel_b_brahmagiri,2.05
dept_physics,hostel_b_mt1,0.94
dept_physics,hostel_b_mt2,1.3
dept_physics,hostel_b_mt3,1.66
dept_physics,hostel_b_shivalik,0.85
dept_physics,hostel_g_gh1,2.16
dept_physics,hostel_g_gh2,1.92
dept_physics,hostel_g_gh3,2.2
dept_physics,hostel_g_gh4,2.36
dept_physics,hostel_g_gh5,2.3
dept_physics,hostel_g_gh6,2.06
dept_physics,loc_lhc_a,0.79
dept_physics,loc_lhc_b,0.72
dept_physics,loc_main_building,0.84
dept_physics,loc_main_gate,1.24
dept_physics,mess_b1_karavali,1.95
dept_physics,mess_b2_aravali,2.39
dept_physics,mess_b3_vindhya,2.66
dept_physics,mess_b4_satpura,2.18
dept_physics,mess_b5_nilgiri,2.72
dept_physics,mess_b7_sahyadri,1.56
dept_physics,mess_b8_trishul,1.41
dept_physics,mess_gb,2.12
dept_physics,mess_mega,1.21
dept_physics,mess_pg_new_brahmagiri,2.23
dept_physics,mess_pg_pushpagiri,2.67
dept_physics,loc_suprabha_boys,1.78
dept_physics,loc_suprabha_girls,2.84
dept_wroe,loc_boys_coop,2.02
dept_wroe,loc_central_library,1.2
dept_wroe,dept_chem,0.83
dept_wroe,dept_chemistry,1.86
dept_wroe,dept_civil,0.33
dept_wroe,dept_cse,1.73
dept_wroe,dept_ece,1.73
dept_wroe,dept_eee,1.9
dept_wroe,dept_hssm,1.63
dept_wroe,dept_it,1.83
dept_wroe,dept_macs,1.35
dept_wroe,dept_mech,0.52
dept_wroe,dept_mining,0.48
dept_wroe,dept_mme,1.2
dept_wroe,dept_physics,1.71
dept_wroe,dept_wroe,0.0
dept_wroe,loc_e_library,1.25
dept_wroe,loc_girls_coop,1.41
dept_wroe,hostel_b_block1,3.27
dept_wroe,hostel_b_block2,3.71
dept_wroe,hostel_b_block3,3.98
dept_wroe,hostel_b_block4,3.5
dept_wroe,hostel_b_block5,4.04
dept_wroe,hostel_b_block6,3.99
dept_wroe,hostel_b_block7,2.88
dept_wroe,hostel_b_block8,2.73
dept_wroe,hostel_b_brahmagiri,3.55
dept_wroe,hostel_b_mt1,2.44
dept_wroe,hostel_b_mt2,2.8
dept_wroe,hostel_b_mt3,3.16
dept_wroe,hostel_b_shivalik,2.35
dept_wroe,hostel_g_gh1,0.45
dept_wroe,hostel_g_gh2,0.69
dept_wroe,hostel_g_gh3,0.97
dept_wroe,hostel_g_gh4,1.13
dept_wroe,hostel_g_gh5,1.05
dept_wroe,hostel_g_gh6,0.81
dept_wroe,loc_lhc_a,1.48
dept_wroe,loc_lhc_b,1.71
dept_wroe,loc_main_building,0.88
dept_wroe,loc_main_gate,0.82
dept_wroe,mess_b1_karavali,3.45
dept_wroe,mess_b2_aravali,3.89
dept_wroe,mess_b3_vindhya,4.16
dept_wroe,mess_b4_satpura,3.68
dept_wroe,mess_b5_nilgiri,4.22
dept_wroe,mess_b7_sahyadri,3.06
dept_wroe,mess_b8_trishul,2.91
dept_wroe,mess_gb,3.62
dept_wroe,mess_mega,2.71
dept_wroe,mess_pg_new_brahmagiri,3.73
dept_wroe,mess_pg_pushpagiri,4.17
dept_wroe,loc_suprabha_boys,3.28
dept_wroe,loc_suprabha_girls,1.59
loc_e_library,loc_boys_coop,1.05
loc_e_library,loc_central_library,0.23
loc_e_library,dept_chem,0.72
loc_e_library,dept_chemistry,0.89
loc_e_library,dept_civil,0.92
loc_e_library,dept_cse,2.17
loc_e_library,dept_ece,2.24
loc_e_library,dept_eee,2.41
loc_e_library,dept_hssm,0.66
loc_e_library,dept_it,2.34
loc_e_library,dept_macs,0.38
loc_e_library,dept_mech,1.03
loc_e_library,dept_mining,0.77
loc_e_library,dept_mme,0.23
loc_e_library,dept_physics,0.74
loc_e_library,dept_wroe,1.25
loc_e_library,loc_e_library,0.0
loc_e_library,loc_girls_coop,1.92
loc_e_library,hostel_b_block1,2.3
loc_e_library,hostel_b_block2,2.74
loc_e_library,hostel_b_block3,3.01
loc_e_library,hostel_b_block4,2.53
loc_e_library,hostel_b_block5,3.07
loc_e_library,hostel_b_block6,3.02
loc_e_library,hostel_b_block7,1.91
loc_e_library,hostel_b_block8,1.76
loc_e_library,hostel_b_brahmagiri,2.58
loc_e_library,hostel_b_mt1,1.47
loc_e_library,hostel_b_mt2,1.83
loc_e_library,hostel_b_mt3,2.19
loc_e_library,hostel_b_shivalik,1.38
loc_e_library,hostel_g_gh1,1.7
loc_e_library,hostel_g_gh2,1.46
loc_e_library,hostel_g_gh3,1.74
loc_e_library,hostel_g_gh4,1.74
loc_e_library,hostel_g_gh5,1.56
loc_e_library,hostel_g_gh6,1.32
loc_e_library,loc_lhc_a,0.51
loc_e_library,loc_lhc_b,0.74
loc_e_library,loc_main_building,0.37
loc_e_library,loc_main_gate,0.77
loc_e_library,mess_b1_karavali,2.48
loc_e_library,mess_b2_aravali,2.92
loc_e_library,mess_b3_vindhya,3.19
loc_e_library,mess_b4_satpura,2.71
loc_e_library,mess_b5_nilgiri,3.25
loc_e_library,mess_b7_sahyadri,2.09
loc_e_library,mess_b8_trishul,1.94
loc_e_library,mess_gb,2.65
loc_e_library,mess_mega,1.74
loc_e_library,mess_pg_new_brahmagiri,2.76
loc_e_library,mess_pg_pushpagiri,3.2
loc_e_library,loc_suprabha_boys,2.31
loc_e_library,loc_suprabha_girls,2.1
loc_girls_coop,loc_boys_coop,2.97
loc_girls_coop,loc_central_library,2.15
loc_girls_coop,dept_chem,1.2
loc_girls_coop,dept_chemistry,2.81
loc_girls_coop,dept_civil,1.74
loc_girls_coop,dept_cse,3.14
loc_girls_coop,dept_ece,3.14
loc_girls_coop,dept_eee,3.31
loc_girls_coop,dept_hssm,2.58
loc_girls_coop,dept_it,3.24
loc_girls_coop,dept_macs,2.3
loc_girls_coop,dept_mech,0.89
loc_girls_coop,dept_mining,1.89
loc_girls_coop,dept_mme,1.69
loc_girls_coop,dept_physics,2.66
loc_girls_coop,dept_wroe,1.41
loc_girls_coop,loc_e_library,1.92
loc_girls_coop,loc_girls_coop,0.0
loc_girls_coop,hostel_b_block1,4.22
loc_girls_coop,hostel_b_block2,4.66
loc_girls_coop,hostel_b_block3,4.93
loc_girls_coop,hostel_b_block4,4.45
loc_girls_coop,hostel_b_block5,4.99
loc_girls_coop,hostel_b_block6,4.94
loc_girls_coop,hostel_b_block7,3.83
loc_girls_coop,hostel_b_block8,3.68
loc_girls_coop,hostel_b_brahmagiri,4.5
loc_girls_coop,hostel_b_mt1,3.39
loc_girls_coop,hostel_b_mt2,3.75
loc_girls_coop,hostel_b_mt3,4.11
loc_girls_coop,hostel_b_shivalik,3.3
loc_girls_coop,hostel_g_gh1,1.58
loc_girls_coop,hostel_g_gh2,1.34
loc_girls_coop,hostel_g_gh3,1.06
loc_girls_coop,hostel_g_gh4,0.9
loc_girls_coop,hostel_g_gh5,0.84
loc_girls_coop,hostel_g_gh6,0.6
loc_girls_coop,loc_lhc_a,2.43
loc_girls_coop,loc_lhc_b,2.66
loc_girls_coop,loc_main_building,2.01
loc_girls_coop,loc_main_gate,2.23
loc_girls_coop,mess_b1_karavali,4.4
loc_girls_coop,mess_b2_aravali,4.84
loc_girls_coop,mess_b3_vindhya,5.11
loc_girls_coop,mess_b4_satpura,4.63
loc_girls_coop,mess_b5_nilgiri,5.17
loc_girls_coop,mess_b7_sahyadri,4.01
loc_girls_coop,mess_b8_trishul,3.86
loc_girls_coop,mess_gb,4.57
loc_girls_coop,mess_mega,3.66
loc_girls_coop,mess_pg_new_brahmagiri,4.68
loc_girls_coop,mess_pg_pushpagiri,5.12
loc_girls_coop,loc_suprabha_boys,4.23
loc_girls_coop,loc_suprabha_girls,0.18
hostel_b_block1,loc_boys_coop,1.25
hostel_b_block1,loc_central_library,2.07
hostel_b_block1,dept_chem,3.02
hostel_b_block1,dept_chemistry,1.62
hostel_b_block1,dept_civil,2.94
hostel_b_block1,dept_cse,4.2
hostel_b_block1,dept_ece,4.27
hostel_b_block1,dept_eee,4.44
hostel_b_block1,dept_hssm,1.85
hostel_b_block1,dept_it,4.37
hostel_b_block1,dept_macs,1.92
hostel_b_block1,dept_mech,3.33
hostel_b_block1,dept_mining,2.79
hostel_b_block1,dept_mme,2.53
hostel_b_block1,dept_physics,1.77
hostel_b_block1,dept_wroe,3.27
hostel_b_block1,loc_e_library,2.3
hostel_b_block1,loc_girls_coop,4.22
hostel_b_block1,hostel_b_block1,0.0
hostel_b_block1,hostel_b_block2,0.44
hostel_b_block1,hostel_b_block3,0.98
hostel_b_block1,hostel_b_block4,1.46
hostel_b_block1,hostel_b_block5,2.0
hostel_b_block1,hostel_b_block6,0.72
hostel_b_block1,hostel_b_block7,0.39
hostel_b_block1,hostel_b_block8,1.96
hostel_b_block1,hostel_b_brahmagiri,0.28
hostel_b_block1,hostel_b_mt1,1.67
hostel_b_block1,hostel_b_mt2,2.03
hostel_b_block1,hostel_b_mt3,2.39
hostel_b_block1,hostel_b_shivalik,1.58
hostel_b_block1,hostel_g_gh1,3.72
hostel_b_block1,hostel_g_gh2,3.48
hostel_b_block1,hostel_g_gh3,3.76
hostel_b_block1,hostel_g_gh4,3.92
hostel_b_block1,hostel_g_gh5,3.86
hostel_b_block1,hostel_g_gh6,3.62
hostel_b_block1,loc_lhc_a,2.23
hostel_b_block1,loc_lhc_b,1.56
hostel_b_block1,loc_main_building,2.4
hostel_b_block1,loc_main_gate,2.8
hostel_b_block1,mess_b1_karavali,0.18
hostel_b_block1,mess_b2_aravali,0.62
hostel_b_block1,mess_b3_vindhya,1.16
hostel_b_block1,mess_b4_satpura,1.64
hostel_b_block1,mess_b5_nilgiri,2.18
hostel_b_block1,mess_b7_sahyadri,0.57
hostel_b_block1,mess_b8_trishul,2.14
hostel_b_block1,mess_gb,1.13
hostel_b_block1,mess_mega,1.94
hostel_b_block1,mess_pg_new_brahmagiri,0.46
hostel_b_block1,mess_pg_pushpagiri,0.9
hostel_b_block1,loc_suprabha_boys,2.51
hostel_b_block1,loc_suprabha_girls,4.4
hostel_b_block2,loc_boys_coop,1.69
hostel_b_block2,loc_central_library,2.51
hostel_b_block2,dept_chem,3.46
hostel_b_block2,dept_chemistry,2.06
hostel_b_block2,dept_civil,3.38
hostel_b_block2,dept_cse,4.64
hostel_b_block2,dept_ece,4.71
hostel_b_block2,dept_eee,4.88
hostel_b_block2,dept_hssm,2.29
hostel_b_block2,dept_it,4.81
hostel_b_block2,dept_macs,2.36
hostel_b_block2,dept_mech,3.77
hostel_b_block2,dept_mining,3.23
hostel_b_block2,dept_mme,2.97
hostel_b_block2,dept_physics,2.21
hostel_b_block2,dept_wroe,3.71
hostel_b_block2,loc_e_library,2.74
hostel_b_block2,loc_girls_coop,4.66
hostel_b_block2,hostel_b_block1,0.44
hostel_b_block2,hostel_b_block2,0.0
hostel_b_block2,hostel_b_block3,0.54
hostel_b_block2,hostel_b_block4,1.02
hostel_b_block2,hostel_b_block5,1.56
hostel_b_block2,hostel_b_block6,1.16
hostel_b_block2,hostel_b_block7,0.83
hostel_b_block2,hostel_b_block8,2.4
hostel_b_block2,hostel_b_brahmagiri,0.72
hostel_b_block2,hostel_b_mt1,2.08
hostel_b_block2,hostel_b_mt2,2.12
hostel_b_block2,hostel_b_mt3,2.48
hostel_b_block2,hostel_b_shivalik,2.02
hostel_b_block2,hostel_g_gh1,4.16
hostel_b_block2,hostel_g_gh2,3.92
hostel_b_block2,hostel_g_gh3,4.2
hostel_b_block2,hostel_g_gh4,4.36
hostel_b_block2,hostel_g_gh5,4.3
hostel_b_block2,hostel_g_gh6,4.06
hostel_b_block2,loc_lhc_a,2.67
hostel_b_block2,loc_lhc_b,2.0
hostel_b_block2,loc_main_building,2.84
hostel_b_block2,loc_main_gate,3.24
hostel_b_block2,mess_b1_karavali,0.62
hostel_b_block2,mess_b2_aravali,0.18
hostel_b_block2,mess_b3_vindhya,0.72
hostel_b_block2,mess_b4_satpura,1.2
hostel_b_block2,mess_b5_nilgiri,1.74
hostel_b_block2,mess_b7_sahyadri,1.01
hostel_b_block2,mess_b8_trishul,2.58
hostel_b_block2,mess_gb,1.57
hostel_b_block2,mess_mega,1.81
hostel_b_block2,mess_pg_new_brahmagiri,0.9
hostel_b_block2,mess_pg_pushpagiri,1.34
hostel_b_block2,loc_suprabha_boys,2.4
hostel_b_block2,loc_suprabha_girls,4.84
hostel_b_block3,loc_boys_coop,1.96
hostel_b_block3,loc_central_library,2.78
hostel_b_block3,dept_chem,3.73
hostel_b_block3,dept_chemistry,2.33
hostel_b_block3,dept_civil,3.65
hostel_b_block3,dept_cse,4.91
hostel_b_block3,dept_ece,4.98
hostel_b_block3,dept_eee,5.15
hostel_b_block3,dept_hssm,2.56
hostel_b_block3,dept_it,5.08
hostel_b_block3,dept_macs,2.63
hostel_b_block3,dept_mech,4.04
hostel_b_block3,dept_mining,3.5
hostel_b_block3,dept_mme,3.24
hostel_b_block3,dept_physics,2.48
hostel_b_block3,dept_wroe,3.98
hostel_b_block3,loc_e_library,3.01
hostel_b_block3,loc_girls_coop,4.93
hostel_b_block3,hostel_b_block1,0.98
hostel_b_block3,hostel_b_block2,0.54
hostel_b_block3,hostel_b_block3,0.0
hostel_b_block3,hostel_b_block4,0.48
hostel_b_block3,hostel_b_block5,1.02
hostel_b_block3,hostel_b_block6,1.7
hostel_b_block3,hostel_b_block7,1.37
hostel_b_block3,hostel_b_block8,2.53
hostel_b_block3,hostel_b_brahmagiri,1.26
hostel_b_block3,hostel_b_mt1,1.54
hostel_b_block3,hostel_b_mt2,1.58
hostel_b_block3,hostel_b_mt3,1.94
hostel_b_block3,hostel_b_shivalik,2.29
hostel_b_block3,hostel_g_gh1,4.43
hostel_b_block3,hostel_g_gh2,4.19
hostel_b_block3,hostel_g_gh3,4.47
hostel_b_block3,hostel_g_gh4,4.63
hostel_b_block3,hostel_g_gh5,4.57
hostel_b_block3,hostel_g_gh6,4.33
hostel_b_block3,loc_lhc_a,2.94
hostel_b_block3,loc_lhc_b,2.27
hostel_b_block3,loc_main_building,3.11
hostel_b_block3,loc_main_gate,3.51
hostel_b_block3,mess_b1_karavali,1.16
hostel_b_block3,mess_b2_aravali,0.72
hostel_b_block3,mess_b3_vindhya,0.18
hostel_b_block3,mess_b4_satpura,0.66
hostel_b_block3,mess_b5_nilgiri,1.2
hostel_b_block3,mess_b7_sahyadri,1.55
hostel_b_block3,mess_b8_trishul,2.71
hostel_b_block3,mess_gb,2.11
hostel_b_block3,mess_mega,1.27
hostel_b_block3,mess_pg_new_brahmagiri,1.44
hostel_b_block3,mess_pg_pushpagiri,1.88
hostel_b_block3,loc_suprabha_boys,1.86
hostel_b_block3,loc_suprabha_girls,5.11
hostel_b_block4,loc_boys_coop,1.48
hostel_b_block4,loc_central_library,2.3
hostel_b_block4,dept_chem,3.25
hostel_b_block4,dept_chemistry,1.85
hostel_b_block4,dept_civil,3.17
hostel_b_block4,dept_cse,4.43
hostel_b_block4,dept_ece,4.5
hostel_b_block4,dept_eee,4.67
hostel_b_block4,dept_hssm,2.08
hostel_b_block4,dept_it,4.6
hostel_b_block4,dept_macs,2.15
hostel_b_block4,dept_mech,3.56
hostel_b_block4,dept_mining,3.02
hostel_b_block4,dept_mme,2.76
hostel_b_block4,dept_physics,2.0
hostel_b_block4,dept_wroe,3.5
hostel_b_block4,loc_e_library,2.53
hostel_b_block4,loc_girls_coop,4.45
hostel_b_block4,hostel_b_block1,1.46
hostel_b_block4,hostel_b_block2,1.02
hostel_b_block4,hostel_b_block3,0.48
hostel_b_block4,hostel_b_block4,0.0
hostel_b_block4,hostel_b_block5,0.54
hostel_b_block4,hostel_b_block6,2.18
hostel_b_block4,hostel_b_block7,1.85
hostel_b_block4,hostel_b_block8,2.05
hostel_b_block4,hostel_b_brahmagiri,1.74
hostel_b_block4,hostel_b_mt1,1.06
hostel_b_block4,hostel_b_mt2,1.1
hostel_b_block4,hostel_b_mt3,1.46
hostel_b_block4,hostel_b_shivalik,1.81
hostel_b_block4,hostel_g_gh1,3.95
hostel_b_block4,hostel_g_gh2,3.71
hostel_b_block4,hostel_g_gh3,3.99
hostel_b_block4,hostel_g_gh4,4.15
hostel_b_block4,hostel_g_gh5,4.09
hostel_b_block4,hostel_g_gh6,3.85
hostel_b_block4,loc_lhc_a,2.46
hostel_b_block4,loc_lhc_b,1.79
hostel_b_block4,loc_main_building,2.63
hostel_b_block4,loc_main_gate,3.03
hostel_b_block4,mess_b1_karavali,1.64
hostel_b_block4,mess_b2_aravali,1.2
hostel_b_block4,mess_b3_vindhya,0.66
hostel_b_block4,mess_b4_satpura,0.18
hostel_b_block4,mess_b5_nilgiri,0.72
hostel_b_block4,mess_b7_sahyadri,2.03
hostel_b_block4,mess_b8_trishul,2.23
hostel_b_block4,mess_gb,2.59
hostel_b_block4,mess_mega,0.79
hostel_b_block4,mess_pg_new_brahmagiri,1.92
hostel_b_block4,mess_pg_pushpagiri,2.36
hostel_b_block4,loc_suprabha_boys,1.38
hostel_b_block4,loc_suprabha_girls,4.63
hostel_b_block5,loc_boys_coop,2.02
hostel_b_block5,loc_central_library,2.84
hostel_b_block5,dept_chem,3.79
hostel_b_block5,dept_chemistry,2.39
hostel_b_block5,dept_civil,3.71
hostel_b_block5,dept_cse,4.97
hostel_b_block5,dept_ece,5.04
hostel_b_block5,dept_eee,5.21
hostel_b_block5,dept_hssm,2.62
hostel_b_block5,dept_it,5.14
hostel_b_block5,dept_macs,2.69
hostel_b_block5,dept_mech,4.1
hostel_b_block5,dept_mining,3.56
hostel_b_block5,dept_mme,3.3
hostel_b_block5,dept_physics,2.54
hostel_b_block5,dept_wroe,4.04
hostel_b_block5,loc_e_library,3.07
hostel_b_block5,loc_girls_coop,4.99
hostel_b_block5,hostel_b_block1,2.0
hostel_b_block5,hostel_b_block2,1.56
hostel_b_block5,hostel_b_block3,1.02
hostel_b_block5,hostel_b_block4,0.54
hostel_b_block5,hostel_b_block5,0.0
hostel_b_block5,hostel_b_block6,2.72
hostel_b_block5,hostel_b_block7,2.39
hostel_b_block5,hostel_b_block8,1.75
hostel_b_block5,hostel_b_brahmagiri,2.28
hostel_b_block5,hostel_b_mt1,1.6
hostel_b_block5,hostel_b_mt2,1.32
hostel_b_block5,hostel_b_mt3,1.16
hostel_b_block5,hostel_b_shivalik,2.13
hostel_b_block5,hostel_g_gh1,4.49
hostel_b_block5,hostel_g_gh2,4.25
hostel_b_block5,hostel_g_gh3,4.53
hostel_b_block5,hostel_g_gh4,4.69
hostel_b_block5,hostel_g_gh5,4.63
hostel_b_block5,hostel_g_gh6,4.39
hostel_b_block5,loc_lhc_a,3.0
hostel_b_block5,loc_lhc_b,2.33
hostel_b_block5,loc_main_building,3.17
hostel_b_block5,loc_main_gate,3.57
hostel_b_block5,mess_b1_karavali,2.18
hostel_b_block5,mess_b2_aravali,1.74
hostel_b_block5,mess_b3_vindhya,1.2
hostel_b_block5,mess_b4_satpura,0.72
hostel_b_block5,mess_b5_nilgiri,0.18
hostel_b_block5,mess_b7_sahyadri,2.57
hostel_b_block5,mess_b8_trishul,1.93
hostel_b_block5,mess_gb,3.13
hostel_b_block5,mess_mega,1.33
hostel_b_block5,mess_pg_new_brahmagiri,2.46
hostel_b_block5,mess_pg_pushpagiri,2.9
hostel_b_block5,loc_suprabha_boys,0.84
hostel_b_block5,loc_suprabha_girls,5.17
hostel_b_block6,loc_boys_coop,1.97
hostel_b_block6,loc_central_library,2.79
hostel_b_block6,dept_chem,3.74
hostel_b_block6,dept_chemistry,2.34
hostel_b_block6,dept_civil,3.66
hostel_b_block6,dept_cse,4.92
hostel_b_block6,dept_ece,4.99
hostel_b_block6,dept_eee,5.16
hostel_b_block6,dept_hssm,2.57
hostel_b_block6,dept_it,5.09
hostel_b_block6,dept_macs,2.64
hostel_b_block6,dept_mech,4.05
hostel_b_block6,dept_mining,3.51
hostel_b_block6,dept_mme,3.25
hostel_b_block6,dept_physics,2.49
hostel_b_block6,dept_wroe,3.99
hostel_b_block6,loc_e_library,3.02
hostel_b_block6,loc_girls_coop,4.94
hostel_b_block6,hostel_b_block1,0.72
hostel_b_block6,hostel_b_block2,1.16
hostel_b_block6,hostel_b_block3,1.7
hostel_b_block6,hostel_b_block4,2.18
hostel_b_block6,hostel_b_block5,2.72
hostel_b_block6,hostel_b_block6,0.0
hostel_b_block6,hostel_b_block7,1.11
hostel_b_block6,hostel_b_block8,2.68
hostel_b_block6,hostel_b_brahmagiri,0.44
hostel_b_block6,hostel_b_mt1,2.39
hostel_b_block6,hostel_b_mt2,2.75
hostel_b_block6,hostel_b_mt3,3.11
hostel_b_block6,hostel_b_shivalik,2.3
hostel_b_block6,hostel_g_gh1,4.44
hostel_b_block6,hostel_g_gh2,4.2
hostel_b_block6,hostel_g_gh3,4.48
hostel_b_block6,hostel_g_gh4,4.64
hostel_b_block6,hostel_g_gh5,4.58
hostel_b_block6,hostel_g_gh6,4.34
hostel_b_block6,loc_lhc_a,2.95
hostel_b_block6,loc_lhc_b,2.28
hostel_b_block6,loc_main_building,3.12
hostel_b_block6,loc_main_gate,3.52
hostel_b_block6,mess_b1_karavali,0.9
hostel_b_block6,mess_b2_aravali,1.34
hostel_b_block6,mess_b3_vindhya,1.88
hostel_b_block6,mess_b4_satpura,2.36
hostel_b_block6,mess_b5_nilgiri,2.9
hostel_b_block6,mess_b7_sahyadri,1.29
hostel_b_block6,mess_b8_trishul,2.86
hostel_b_block6,mess_gb,1.85
hostel_b_block6,mess_mega,2.66
hostel_b_block6,mess_pg_new_brahmagiri,0.62
hostel_b_block6,mess_pg_pushpagiri,0.18
hostel_b_block6,loc_suprabha_boys,3.23
hostel_b_block6,loc_suprabha_girls,5.12
hostel_b_block7,loc_boys_coop,0.86
hostel_b_block7,loc_central_library,1.68
hostel_b_block7,dept_chem,2.63
hostel_b_block7,dept_chemistry,1.23
hostel_b_block7,dept_civil,2.55
hostel_b_block7,dept_cse,3.81
hostel_b_block7,dept_ece,3.88
hostel_b_block7,dept_eee,4.05
hostel_b_block7,dept_hssm,1.46
hostel_b_block7,dept_it,3.98
hostel_b_block7,dept_macs,1.53
hostel_b_block7,dept_mech,2.94
hostel_b_block7,dept_mining,2.4
hostel_b_block7,dept_mme,2.14
hostel_b_block7,dept_physics,1.38
hostel_b_block7,dept_wroe,2.88
hostel_b_block7,loc_e_library,1.91
hostel_b_block7,loc_girls_coop,3.83
hostel_b_block7,hostel_b_block1,0.39
hostel_b_block7,hostel_b_block2,0.83
hostel_b_block7,hostel_b_block3,1.37
hostel_b_block7,hostel_b_block4,1.85
hostel_b_block7,hostel_b_block5,2.39
hostel_b_block7,hostel_b_block6,1.11
hostel_b_block7,hostel_b_block7,0.0
hostel_b_block7,hostel_b_block8,1.57
hostel_b_block7,hostel_b_brahmagiri,0.67
hostel_b_block7,hostel_b_mt1,1.28
hostel_b_block7,hostel_b_mt2,1.64
hostel_b_block7,hostel_b_mt3,2.0
hostel_b_block7,hostel_b_shivalik,1.19
hostel_b_block7,hostel_g_gh1,3.33
hostel_b_block7,hostel_g_gh2,3.09
hostel_b_block7,hostel_g_gh3,3.37
hostel_b_block7,hostel_g_gh4,3.53
hostel_b_block7,hostel_g_gh5,3.47
hostel_b_block7,hostel_g_gh6,3.23
hostel_b_block7,loc_lhc_a,1.84
hostel_b_block7,loc_lhc_b,1.17
hostel_b_block7,loc_main_building,2.01
hostel_b_block7,loc_main_gate,2.41
hostel_b_block7,mess_b1_karavali,0.57
hostel_b_block7,mess_b2_aravali,1.01
hostel_b_block7,mess_b3_vindhya,1.55
hostel_b_block7,mess_b4_satpura,2.03
hostel_b_block7,mess_b5_nilgiri,2.57
hostel_b_block7,mess_b7_sahyadri,0.18
hostel_b_block7,mess_b8_trishul,1.75
hostel_b_block7,mess_gb,0.74
hostel_b_block7,mess_mega,1.55
hostel_b_block7,mess_pg_new_brahmagiri,0.85
hostel_b_block7,mess_pg_pushpagiri,1.29
hostel_b_block7,loc_suprabha_boys,2.12
hostel_b_block7,loc_suprabha_girls,4.01
hostel_b_block8,loc_boys_coop,0.71
hostel_b_block8,loc_central_library,1.53
hostel_b_block8,dept_chem,2.48
hostel_b_block8,dept_chemistry,1.08
hostel_b_block8,dept_civil,2.4
hostel_b_block8,dept_cse,3.66
hostel_b_block8,dept_ece,3.73
hostel_b_block8,dept_eee,3.9
hostel_b_block8,dept_hssm,1.31
hostel_b_block8,dept_it,3.83
hostel_b_block8,dept_macs,1.38
hostel_b_block8,dept_mech,2.79
hostel_b_block8,dept_mining,2.25
hostel_b_block8,dept_mme,1.99
hostel_b_block8,dept_physics,1.23
hostel_b_block8,dept_wroe,2.73
hostel_b_block8,loc_e_library,1.76
hostel_b_block8,loc_girls_coop,3.68
hostel_b_block8,hostel_b_block1,1.96
hostel_b_block8,hostel_b_block2,2.4
hostel_b_block8,hostel_b_block3,2.53
hostel_b_block8,hostel_b_block4,2.05
hostel_b_block8,hostel_b_block5,1.75
hostel_b_block8,hostel_b_block6,2.68
hostel_b_block8,hostel_b_block7,1.57
hostel_b_block8,hostel_b_block8,0.0
hostel_b_block8,hostel_b_brahmagiri,2.24
hostel_b_block8,hostel_b_mt1,1.13
hostel_b_block8,hostel_b_mt2,0.95
hostel_b_block8,hostel_b_mt3,0.59
hostel_b_block8,hostel_b_shivalik,0.38
hostel_b_block8,hostel_g_gh1,3.18
hostel_b_block8,hostel_g_gh2,2.94
hostel_b_block8,hostel_g_gh3,3.22
hostel_b_block8,hostel_g_gh4,3.38
hostel_b_block8,hostel_g_gh5,3.32
hostel_b_block8,hostel_g_gh6,3.08
hostel_b_block8,loc_lhc_a,1.69
hostel_b_block8,loc_lhc_b,1.02
hostel_b_block8,loc_main_building,1.86
hostel_b_block8,loc_main_gate,2.26
hostel_b_block8,mess_b1_karavali,2.14
hostel_b_block8,mess_b2_aravali,2.58
hostel_b_block8,mess_b3_vindhya,2.71
hostel_b_block8,mess_b4_satpura,2.23
hostel_b_block8,mess_b5_nilgiri,1.93
hostel_b_block8,mess_b7_sahyadri,1.75
hostel_b_block8,mess_b8_trishul,0.18
hostel_b_block8,mess_gb,2.31
hostel_b_block8,mess_mega,1.26
hostel_b_block8,mess_pg_new_brahmagiri,2.42
hostel_b_block8,mess_pg_pushpagiri,2.86
hostel_b_block8,loc_suprabha_boys,0.91
hostel_b_block8,loc_suprabha_girls,3.86
hostel_b_brahmagiri,loc_boys_coop,1.53
hostel_b_brahmagiri,loc_central_library,2.35
hostel_b_brahmagiri,dept_chem,3.3
hostel_b_brahmagiri,dept_chemistry,1.9
hostel_b_brahmagiri,dept_civil,3.22
hostel_b_brahmagiri,dept_cse,4.48
hostel_b_brahmagiri,dept_ece,4.55
hostel_b_brahmagiri,dept_eee,4.72
hostel_b_brahmagiri,dept_hssm,2.13
hostel_b_brahmagiri,dept_it,4.65
hostel_b_brahmagiri,dept_macs,2.2
hostel_b_brahmagiri,dept_mech,3.61
hostel_b_brahmagiri,dept_mining,3.07
hostel_b_brahmagiri,dept_mme,2.81
hostel_b_brahmagiri,dept_physics,2.05
hostel_b_brahmagiri,dept_wroe,3.55
hostel_b_brahmagiri,loc_e_library,2.58
hostel_b_brahmagiri,loc_girls_coop,4.5
hostel_b_brahmagiri,hostel_b_block1,0.28
hostel_b_brahmagiri,hostel_b_block2,0.72
hostel_b_brahmagiri,hostel_b_block3,1.26
hostel_b_brahmagiri,hostel_b_block4,1.74
hostel_b_brahmagiri,hostel_b_block5,2.28
hostel_b_brahmagiri,hostel_b_block6,0.44
hostel_b_brahmagiri,hostel_b_block7,0.67
hostel_b_brahmagiri,hostel_b_block8,2.24
hostel_b_brahmagiri,hostel_b_brahmagiri,0.0
hostel_b_brahmagiri,hostel_b_mt1,1.95
hostel_b_brahmagiri,hostel_b_mt2,2.31
hostel_b_brahmagiri,hostel_b_mt3,2.67
hostel_b_brahmagiri,hostel_b_shivalik,1.86
hostel_b_brahmagiri,hostel_g_gh1,4.0
hostel_b_brahmagiri,hostel_g_gh2,3.76
hostel_b_brahmagiri,hostel_g_gh3,4.04
hostel_b_brahmagiri,hostel_g_gh4,4.2
hostel_b_brahmagiri,hostel_g_gh5,4.14
hostel_b_brahmagiri,hostel_g_gh6,3.9
hostel_b_brahmagiri,loc_lhc_a,2.51
hostel_b_brahmagiri,loc_lhc_b,1.84
hostel_b_brahmagiri,loc_main_building,2.68
hostel_b_brahmagiri,loc_main_gate,3.08
hostel_b_brahmagiri,mess_b1_karavali,0.46
hostel_b_brahmagiri,mess_b2_aravali,0.9
hostel_b_brahmagiri,mess_b3_vindhya,1.44
hostel_b_brahmagiri,mess_b4_satpura,1.92
hostel_b_brahmagiri,mess_b5_nilgiri,2.46
hostel_b_brahmagiri,mess_b7_sahyadri,0.85
hostel_b_brahmagiri,mess_b8_trishul,2.42
hostel_b_brahmagiri,mess_gb,1.41
hostel_b_brahmagiri,mess_mega,2.22
hostel_b_brahmagiri,mess_pg_new_brahmagiri,0.18
hostel_b_brahmagiri,mess_pg_pushpagiri,0.62
hostel_b_brahmagiri,loc_suprabha_boys,2.79
hostel_b_brahmagiri,loc_suprabha_girls,4.68
hostel_b_mt1,loc_boys_coop,0.42
hostel_b_mt1,loc_central_library,1.24
hostel_b_mt1,dept_chem,2.19
hostel_b_mt1,dept_chemistry,0.79
hostel_b_mt1,dept_civil,2.11
hostel_b_mt1,dept_cse,3.37
hostel_b_mt1,dept_ece,3.44
hostel_b_mt1,dept_eee,3.61
hostel_b_mt1,dept_hssm,1.02
hostel_b_mt1,dept_it,3.54
hostel_b_mt1,dept_macs,1.09
hostel_b_mt1,dept_mech,2.5
hostel_b_mt1,dept_mining,1.96
hostel_b_mt1,dept_mme,1.7
hostel_b_mt1,dept_physics,0.94
hostel_b_mt1,dept_wroe,2.44
hostel_b_mt1,loc_e_library,1.47
hostel_b_mt1,loc_girls_coop,3.39
hostel_b_mt1,hostel_b_block1,1.67
hostel_b_mt1,hostel_b_block2,2.08
hostel_b_mt1,hostel_b_block3,1.54
hostel_b_mt1,hostel_b_block4,1.06
hostel_b_mt1,hostel_b_block5,1.6
hostel_b_mt1,hostel_b_block6,2.39
hostel_b_mt1,hostel_b_block7,1.28
hostel_b_mt1,hostel_b_block8,1.13
hostel_b_mt1,hostel_b_brahmagiri,1.95
hostel_b_mt1,hostel_b_mt1,0.0
hostel_b_mt1,hostel_b_mt2,0.36
hostel_b_mt1,hostel_b_mt3,0.72
hostel_b_mt1,hostel_b_shivalik,0.75
hostel_b_mt1,hostel_g_gh1,2.89
hostel_b_mt1,hostel_g_gh2,2.65
hostel_b_mt1,hostel_g_gh3,2.93
hostel_b_mt1,hostel_g_gh4,3.09
hostel_b_mt1,hostel_g_gh5,3.03
hostel_b_mt1,hostel_g_gh6,2.79
hostel_b_mt1,loc_lhc_a,1.4
hostel_b_mt1,loc_lhc_b,0.73
hostel_b_mt1,loc_main_building,1.57
hostel_b_mt1,loc_main_gate,1.97
hostel_b_mt1,mess_b1_karavali,1.85
hostel_b_mt1,mess_b2_aravali,2.26
hostel_b_mt1,mess_b3_vindhya,1.72
hostel_b_mt1,mess_b4_satpura,1.24
hostel_b_mt1,mess_b5_nilgiri,1.78
hostel_b_mt1,mess_b7_sahyadri,1.46
hostel_b_mt1,mess_b8_trishul,1.31
hostel_b_mt1,mess_gb,2.02
hostel_b_mt1,mess_mega,0.27
hostel_b_mt1,mess_pg_new_brahmagiri,2.13
hostel_b_mt1,mess_pg_pushpagiri,2.57
hostel_b_mt1,loc_suprabha_boys,0.84
hostel_b_mt1,loc_suprabha_girls,3.57
hostel_b_mt2,loc_boys_coop,0.78
hostel_b_mt2,loc_central_library,1.6
hostel_b_mt2,dept_chem,2.55
hostel_b_mt2,dept_chemistry,1.15
hostel_b_mt2,dept_civil,2.47
hostel_b_mt2,dept_cse,3.73
hostel_b_mt2,dept_ece,3.8
hostel_b_mt2,dept_eee,3.97
hostel_b_mt2,dept_hssm,1.38
hostel_b_mt2,dept_it,3.9
hostel_b_mt2,dept_macs,1.45
hostel_b_mt2,dept_mech,2.86
hostel_b_mt2,dept_mining,2.32
hostel_b_mt2,dept_mme,2.06
hostel_b_mt2,dept_physics,1.3
hostel_b_mt2,dept_wroe,2.8
hostel_b_mt2,loc_e_library,1.83
hostel_b_mt2,loc_girls_coop,3.75
hostel_b_mt2,hostel_b_block1,2.03
hostel_b_mt2,hostel_b_block2,2.12
hostel_b_mt2,hostel_b_block3,1.58
hostel_b_mt2,hostel_b_block4,1.1
hostel_b_mt2,hostel_b_block5,1.32
hostel_b_mt2,hostel_b_block6,2.75
hostel_b_mt2,hostel_b_block7,1.64
hostel_b_mt2,hostel_b_block8,0.95
hostel_b_mt2,hostel_b_brahmagiri,2.31
hostel_b_mt2,hostel_b_mt1,0.36
hostel_b_mt2,hostel_b_mt2,0.0
hostel_b_mt2,hostel_b_mt3,0.36
hostel_b_mt2,hostel_b_shivalik,1.11
hostel_b_mt2,hostel_g_gh1,3.25
hostel_b_mt2,hostel_g_gh2,3.01
hostel_b_mt2,hostel_g_gh3,3.29
hostel_b_mt2,hostel_g_gh4,3.45
hostel_b_mt2,hostel_g_gh5,3.39
hostel_b_mt2,hostel_g_gh6,3.15
hostel_b_mt2,loc_lhc_a,1.76
hostel_b_mt2,loc_lhc_b,1.09
hostel_b_mt2,loc_main_building,1.93
hostel_b_mt2,loc_main_gate,2.33
hostel_b_mt2,mess_b1_karavali,2.21
hostel_b_mt2,mess_b2_aravali,2.3
hostel_b_mt2,mess_b3_vindhya,1.76
hostel_b_mt2,mess_b4_satpura,1.28
hostel_b_mt2,mess_b5_nilgiri,1.5
hostel_b_mt2,mess_b7_sahyadri,1.82
hostel_b_mt2,mess_b8_trishul,1.13
hostel_b_mt2,mess_gb,2.38
hostel_b_mt2,mess_mega,0.31
hostel_b_mt2,mess_pg_new_brahmagiri,2.49
hostel_b_mt2,mess_pg_pushpagiri,2.93
hostel_b_mt2,loc_suprabha_boys,0.48
hostel_b_mt2,loc_suprabha_girls,3.93
hostel_b_mt3,loc_boys_coop,1.14
hostel_b_mt3,loc_central_library,1.96
hostel_b_mt3,dept_chem,2.91
hostel_b_mt3,dept_chemistry,1.51
hostel_b_mt3,dept_civil,2.83
hostel_b_mt3,dept_cse,4.09
hostel_b_mt3,dept_ece,4.16
hostel_b_mt3,dept_eee,4.33
hostel_b_mt3,dept_hssm,1.74
hostel_b_mt3,dept_it,4.26
hostel_b_mt3,dept_macs,1.81
hostel_b_mt3,dept_mech,3.22
hostel_b_mt3,dept_mining,2.68
hostel_b_mt3,dept_mme,2.42
hostel_b_mt3,dept_physics,1.66
hostel_b_mt3,dept_wroe,3.16
hostel_b_mt3,loc_e_library,2.19
hostel_b_mt3,loc_girls_coop,4.11
hostel_b_mt3,hostel_b_block1,2.39
hostel_b_mt3,hostel_b_block2,2.48
hostel_b_mt3,hostel_b_block3,1.94
hostel_b_mt3,hostel_b_block4,1.46
hostel_b_mt3,hostel_b_block5,1.16
hostel_b_mt3,hostel_b_block6,3.11
hostel_b_mt3,hostel_b_block7,2.0
hostel_b_mt3,hostel_b_block8,0.59
hostel_b_mt3,hostel_b_brahmagiri,2.67
hostel_b_mt3,hostel_b_mt1,0.72
hostel_b_mt3,hostel_b_mt2,0.36
hostel_b_mt3,hostel_b_mt3,0.0
hostel_b_mt3,hostel_b_shivalik,0.97
hostel_b_mt3,hostel_g_gh1,3.61
hostel_b_mt3,hostel_g_gh2,3.37
hostel_b_mt3,hostel_g_gh3,3.65
hostel_b_mt3,hostel_g_gh4,3.81
hostel_b_mt3,hostel_g_gh5,3.75
hostel_b_mt3,hostel_g_gh6,3.51
hostel_b_mt3,loc_lhc_a,2.12
hostel_b_mt3,loc_lhc_b,1.45
hostel_b_mt3,loc_main_building,2.29
hostel_b_mt3,loc_main_gate,2.69
hostel_b_mt3,mess_b1_karavali,2.57
hostel_b_mt3,mess_b2_aravali,2.66
hostel_b_mt3,mess_b3_vindhya,2.12
hostel_b_mt3,mess_b4_satpura,1.64
hostel_b_mt3,mess_b5_nilgiri,1.34
hostel_b_mt3,mess_b7_sahyadri,2.18
hostel_b_mt3,mess_b8_trishul,0.77
hostel_b_mt3,mess_gb,2.74
hostel_b_mt3,mess_mega,0.67
hostel_b_mt3,mess_pg_new_brahmagiri,2.85
hostel_b_mt3,mess_pg_pushpagiri,3.29
hostel_b_mt3,loc_suprabha_boys,0.32
hostel_b_mt3,loc_suprabha_girls,4.29
hostel_b_shivalik,loc_boys_coop,0.33
hostel_b_shivalik,loc_central_library,1.15
hostel_b_shivalik,dept_chem,2.1
hostel_b_shivalik,dept_chemistry,0.7
hostel_b_shivalik,dept_civil,2.02
hostel_b_shivalik,dept_cse,3.28
hostel_b_shivalik,dept_ece,3.35
hostel_b_shivalik,dept_eee,3.52
hostel_b_shivalik,dept_hssm,0.93
hostel_b_shivalik,dept_it,3.45
hostel_b_shivalik,dept_macs,1.0
hostel_b_shivalik,dept_mech,2.41
hostel_b_shivalik,dept_mining,1.87
hostel_b_shivalik,dept_mme,1.61
hostel_b_shivalik,dept_physics,0.85
hostel_b_shivalik,dept_wroe,2.35
hostel_b_shivalik,loc_e_library,1.38
hostel_b_shivalik,loc_girls_coop,3.3
hostel_b_shivalik,hostel_b_block1,1.58
hostel_b_shivalik,hostel_b_block2,2.02
hostel_b_shivalik,hostel_b_block3,2.29
hostel_b_shivalik,hostel_b_block4,1.81
hostel_b_shivalik,hostel_b_block5,2.13
hostel_b_shivalik,hostel_b_block6,2.3
hostel_b_shivalik,hostel_b_block7,1.19
hostel_b_shivalik,hostel_b_block8,0.38
hostel_b_shivalik,hostel_b_brahmagiri,1.86
hostel_b_shivalik,hostel_b_mt1,0.75
hostel_b_shivalik,hostel_b_mt2,1.11
hostel_b_shivalik,hostel_b_mt3,0.97
hostel_b_shivalik,hostel_b_shivalik,0.0
hostel_b_shivalik,hostel_g_gh1,2.8
hostel_b_shivalik,hostel_g_gh2,2.56
hostel_b_shivalik,hostel_g_gh3,2.84
hostel_b_shivalik,hostel_g_gh4,3.0
hostel_b_shivalik,hostel_g_gh5,2.94
hostel_b_shivalik,hostel_g_gh6,2.7
hostel_b_shivalik,loc_lhc_a,1.31
hostel_b_shivalik,loc_lhc_b,0.64
hostel_b_shivalik,loc_main_building,1.48
hostel_b_shivalik,loc_main_gate,1.88
hostel_b_shivalik,mess_b1_karavali,1.76
hostel_b_shivalik,mess_b2_aravali,2.2
hostel_b_shivalik,mess_b3_vindhya,2.47
hostel_b_shivalik,mess_b4_satpura,1.99
hostel_b_shivalik,mess_b5_nilgiri,2.31
hostel_b_shivalik,mess_b7_sahyadri,1.37
hostel_b_shivalik,mess_b8_trishul,0.56
hostel_b_shivalik,mess_gb,1.93
hostel_b_shivalik,mess_mega,1.02
hostel_b_shivalik,mess_pg_new_brahmagiri,2.04
hostel_b_shivalik,mess_pg_pushpagiri,2.48
hostel_b_shivalik,loc_suprabha_boys,1.29
hostel_b_shivalik,loc_suprabha_girls,3.48
hostel_g_gh1,loc_boys_coop,2.47
hostel_g_gh1,loc_central_library,1.65
hostel_g_gh1,dept_chem,1.28
hostel_g_gh1,dept_chemistry,2.31
hostel_g_gh1,dept_civil,0.78
hostel_g_gh1,dept_cse,2.18
hostel_g_gh1,dept_ece,2.18
hostel_g_gh1,dept_eee,2.35
hostel_g_gh1,dept_hssm,2.08
hostel_g_gh1,dept_it,2.28
hostel_g_gh1,dept_macs,1.8
hostel_g_gh1,dept_mech,0.97
hostel_g_gh1,dept_mining,0.93
hostel_g_gh1,dept_mme,1.65
hostel_g_gh1,dept_physics,2.16
hostel_g_gh1,dept_wroe,0.45
hostel_g_gh1,loc_e_library,1.7
hostel_g_gh1,loc_girls_coop,1.58
hostel_g_gh1,hostel_b_block1,3.72
hostel_g_gh1,hostel_b_block2,4.16
hostel_g_gh1,hostel_b_block3,4.43
hostel_g_gh1,hostel_b_block4,3.95
hostel_g_gh1,hostel_b_block5,4.49
hostel_g_gh1,hostel_b_block6,4.44
hostel_g_gh1,hostel_b_block7,3.33
hostel_g_gh1,hostel_b_block8,3.18
hostel_g_gh1,hostel_b_brahmagiri,4.0
hostel_g_gh1,hostel_b_mt1,2.89
hostel_g_gh1,hostel_b_mt2,3.25
hostel_g_gh1,hostel_b_mt3,3.61
hostel_g_gh1,hostel_b_shivalik,2.8
hostel_g_gh1,hostel_g_gh1,0.0
hostel_g_gh1,hostel_g_gh2,0.24
hostel_g_gh1,hostel_g_gh3,0.52
hostel_g_gh1,hostel_g_gh4,0.68
hostel_g_gh1,hostel_g_gh5,0.86
hostel_g_gh1,hostel_g_gh6,1.1
hostel_g_gh1,loc_lhc_a,1.93
hostel_g_gh1,loc_lhc_b,2.16
hostel_g_gh1,loc_main_building,1.33
hostel_g_gh1,loc_main_gate,1.27
hostel_g_gh1,mess_b1_karavali,3.9
hostel_g_gh1,mess_b2_aravali,4.34
hostel_g_gh1,mess_b3_vindhya,4.61
hostel_g_gh1,mess_b4_satpura,4.13
hostel_g_gh1,mess_b5_nilgiri,4.67
hostel_g_gh1,mess_b7_sahyadri,3.51
hostel_g_gh1,mess_b8_trishul,3.36
hostel_g_gh1,mess_gb,4.07
hostel_g_gh1,mess_mega,3.16
hostel_g_gh1,mess_pg_new_brahmagiri,4.18
hostel_g_gh1,mess_pg_pushpagiri,4.62
hostel_g_gh1,loc_suprabha_boys,3.73
hostel_g_gh1,loc_suprabha_girls,1.76
hostel_g_gh2,loc_boys_coop,2.23
hostel_g_gh2,loc_central_library,1.41
hostel_g_gh2,dept_chem,1.46
hostel_g_gh2,dept_chemistry,2.07
hostel_g_gh2,dept_civil,0.54
hostel_g_gh2,dept_cse,1.94
hostel_g_gh2,dept_ece,1.94
hostel_g_gh2,dept_eee,2.11
hostel_g_gh2,dept_hssm,1.84
hostel_g_gh2,dept_it,2.04
hostel_g_gh2,dept_macs,1.56
hostel_g_gh2,dept_mech,1.15
hostel_g_gh2,dept_mining,0.69
hostel_g_gh2,dept_mme,1.41
hostel_g_gh2,dept_physics,1.92
hostel_g_gh2,dept_wroe,0.69
hostel_g_gh2,loc_e_library,1.46
hostel_g_gh2,loc_girls_coop,1.34
hostel_g_gh2,hostel_b_block1,3.48
hostel_g_gh2,hostel_b_block2,3.92
hostel_g_gh2,hostel_b_block3,4.19
hostel_g_gh2,hostel_b_block4,3.71
hostel_g_gh2,hostel_b_block5,4.25
hostel_g_gh2,hostel_b_block6,4.2
hostel_g_gh2,hostel_b_block7,3.09
hostel_g_gh2,hostel_b_block8,2.94
hostel_g_gh2,hostel_b_brahmagiri,3.76
hostel_g_gh2,hostel_b_mt1,2.65
hostel_g_gh2,hostel_b_mt2,3.01
hostel_g_gh2,hostel_b_mt3,3.37
hostel_g_gh2,hostel_b_shivalik,2.56
hostel_g_gh2,hostel_g_gh1,0.24
hostel_g_gh2,hostel_g_gh2,0.0
hostel_g_gh2,hostel_g_gh3,0.28
hostel_g_gh2,hostel_g_gh4,0.44
hostel_g_gh2,hostel_g_gh5,0.62
hostel_g_gh2,hostel_g_gh6,0.86
hostel_g_gh2,loc_lhc_a,1.69
hostel_g_gh2,loc_lhc_b,1.92
hostel_g_gh2,loc_main_building,1.09
hostel_g_gh2,loc_main_gate,1.03
hostel_g_gh2,mess_b1_karavali,3.66
hostel_g_gh2,mess_b2_aravali,4.1
hostel_g_gh2,mess_b3_vindhya,4.37
hostel_g_gh2,mess_b4_satpura,3.89
hostel_g_gh2,mess_b5_nilgiri,4.43
hostel_g_gh2,mess_b7_sahyadri,3.27
hostel_g_gh2,mess_b8_trishul,3.12
hostel_g_gh2,mess_gb,3.83
hostel_g_gh2,mess_mega,2.92
hostel_g_gh2,mess_pg_new_brahmagiri,3.94
hostel_g_gh2,mess_pg_pushpagiri,4.38
hostel_g_gh2,loc_suprabha_boys,3.49
hostel_g_gh2,loc_suprabha_girls,1.52
hostel_g_gh3,loc_boys_coop,2.51
hostel_g_gh3,loc_central_library,1.69
hostel_g_gh3,dept_chem,1.18
hostel_g_gh3,dept_chemistry,2.35
hostel_g_gh3,dept_civil,0.82
hostel_g_gh3,dept_cse,2.22
hostel_g_gh3,dept_ece,2.22
hostel_g_gh3,dept_eee,2.39
hostel_g_gh3,dept_hssm,2.12
hostel_g_gh3,dept_it,2.32
hostel_g_gh3,dept_macs,1.84
hostel_g_gh3,dept_mech,0.87
hostel_g_gh3,dept_mining,0.97
hostel_g_gh3,dept_mme,1.67
hostel_g_gh3,dept_physics,2.2
hostel_g_gh3,dept_wroe,0.97
hostel_g_gh3,loc_e_library,1.74
hostel_g_gh3,loc_girls_coop,1.06
hostel_g_gh3,hostel_b_block1,3.76
hostel_g_gh3,hostel_b_block2,4.2
hostel_g_gh3,hostel_b_block3,4.47
hostel_g_gh3,hostel_b_block4,3.99
hostel_g_gh3,hostel_b_block5,4.53
hostel_g_gh3,hostel_b_block6,4.48
hostel_g_gh3,hostel_b_block7,3.37
hostel_g_gh3,hostel_b_block8,3.22
hostel_g_gh3,hostel_b_brahmagiri,4.04
hostel_g_gh3,hostel_b_mt1,2.93
hostel_g_gh3,hostel_b_mt2,3.29
hostel_g_gh3,hostel_b_mt3,3.65
hostel_g_gh3,hostel_b_shivalik,2.84
hostel_g_gh3,hostel_g_gh1,0.52
hostel_g_gh3,hostel_g_gh2,0.28
hostel_g_gh3,hostel_g_gh3,0.0
hostel_g_gh3,hostel_g_gh4,0.16
hostel_g_gh3,hostel_g_gh5,0.34
hostel_g_gh3,hostel_g_gh6,0.58
hostel_g_gh3,loc_lhc_a,1.97
hostel_g_gh3,loc_lhc_b,2.2
hostel_g_gh3,loc_main_building,1.37
hostel_g_gh3,loc_main_gate,1.31
hostel_g_gh3,mess_b1_karavali,3.94
hostel_g_gh3,mess_b2_aravali,4.38
hostel_g_gh3,mess_b3_vindhya,4.65
hostel_g_gh3,mess_b4_satpura,4.17
hostel_g_gh3,mess_b5_nilgiri,4.71
hostel_g_gh3,mess_b7_sahyadri,3.55
hostel_g_gh3,mess_b8_trishul,3.4
hostel_g_gh3,mess_gb,4.11
hostel_g_gh3,mess_mega,3.2
hostel_g_gh3,mess_pg_new_brahmagiri,4.22
hostel_g_gh3,mess_pg_pushpagiri,4.66
hostel_g_gh3,loc_suprabha_boys,3.77
hostel_g_gh3,loc_suprabha_girls,1.24
hostel_g_gh4,loc_boys_coop,2.67
hostel_g_gh4,loc_central_library,1.85
hostel_g_gh4,dept_chem,1.02
hostel_g_gh4,dept_chemistry,2.51
hostel_g_gh4,dept_civil,0.98
hostel_g_gh4,dept_cse,2.38
hostel_g_gh4,dept_ece,2.38
hostel_g_gh4,dept_eee,2.55
hostel_g_gh4,dept_hssm,2.28
hostel_g_gh4,dept_it,2.48
hostel_g_gh4,dept_macs,2.0
hostel_g_gh4,dept_mech,0.71
hostel_g_gh4,dept_mining,1.13
hostel_g_gh4,dept_mme,1.51
hostel_g_gh4,dept_physics,2.36
hostel_g_gh4,dept_wroe,1.13
hostel_g_gh4,loc_e_library,1.74
hostel_g_gh4,loc_girls_coop,0.9
hostel_g_gh4,hostel_b_block1,3.92
hostel_g_gh4,hostel_b_block2,4.36
hostel_g_gh4,hostel_b_block3,4.63
hostel_g_gh4,hostel_b_block4,4.15
hostel_g_gh4,hostel_b_block5,4.69
hostel_g_gh4,hostel_b_block6,4.64
hostel_g_gh4,hostel_b_block7,3.53
hostel_g_gh4,hostel_b_block8,3.38
hostel_g_gh4,hostel_b_brahmagiri,4.2
hostel_g_gh4,hostel_b_mt1,3.09
hostel_g_gh4,hostel_b_mt2,3.45
hostel_g_gh4,hostel_b_mt3,3.81
hostel_g_gh4,hostel_b_shivalik,3.0
hostel_g_gh4,hostel_g_gh1,0.68
hostel_g_gh4,hostel_g_gh2,0.44
hostel_g_gh4,hostel_g_gh3,0.16
hostel_g_gh4,hostel_g_gh4,0.0
hostel_g_gh4,hostel_g_gh5,0.18
hostel_g_gh4,hostel_g_gh6,0.42
hostel_g_gh4,loc_lhc_a,2.13
hostel_g_gh4,loc_lhc_b,2.36
hostel_g_gh4,loc_main_building,1.53
hostel_g_gh4,loc_main_gate,1.47
hostel_g_gh4,mess_b1_karavali,4.1
hostel_g_gh4,mess_b2_aravali,4.54
hostel_g_gh4,mess_b3_vindhya,4.81
hostel_g_gh4,mess_b4_satpura,4.33
hostel_g_gh4,mess_b5_nilgiri,4.87
hostel_g_gh4,mess_b7_sahyadri,3.71
hostel_g_gh4,mess_b8_trishul,3.56
hostel_g_gh4,mess_gb,4.27
hostel_g_gh4,mess_mega,3.36
hostel_g_gh4,mess_pg_new_brahmagiri,4.38
hostel_g_gh4,mess_pg_pushpagiri,4.82
hostel_g_gh4,loc_suprabha_boys,3.93
hostel_g_gh4,loc_suprabha_girls,1.08
hostel_g_gh5,loc_boys_coop,2.61
hostel_g_gh5,loc_central_library,1.79
hostel_g_gh5,dept_chem,0.84
hostel_g_gh5,dept_chemistry,2.45
hostel_g_gh5,dept_civil,1.16
hostel_g_gh5,dept_cse,2.56
hostel_g_gh5,dept_ece,2.56
hostel_g_gh5,dept_eee,2.73
hostel_g_gh5,dept_hssm,2.22
hostel_g_gh5,dept_it,2.66
hostel_g_gh5,dept_macs,1.94
hostel_g_gh5,dept_mech,0.53
hostel_g_gh5,dept_mining,1.31
hostel_g_gh5,dept_mme,1.33
hostel_g_gh5,dept_physics,2.3
hostel_g_gh5,dept_wroe,1.05
hostel_g_gh5,loc_e_library,1.56
hostel_g_gh5,loc_girls_coop,0.84
hostel_g_gh5,hostel_b_block1,3.86
hostel_g_gh5,hostel_b_block2,4.3
hostel_g_gh5,hostel_b_block3,4.57
hostel_g_gh5,hostel_b_block4,4.09
hostel_g_gh5,hostel_b_block5,4.63
hostel_g_gh5,hostel_b_block6,4.58
hostel_g_gh5,hostel_b_block7,3.47
hostel_g_gh5,hostel_b_block8,3.32
hostel_g_gh5,hostel_b_brahmagiri,4.14
hostel_g_gh5,hostel_b_mt1,3.03
hostel_g_gh5,hostel_b_mt2,3.39
hostel_g_gh5,hostel_b_mt3,3.75
hostel_g_gh5,hostel_b_shivalik,2.94
hostel_g_gh5,hostel_g_gh1,0.86
hostel_g_gh5,hostel_g_gh2,0.62
hostel_g_gh5,hostel_g_gh3,0.34
hostel_g_gh5,hostel_g_gh4,0.18
hostel_g_gh5,hostel_g_gh5,0.0
hostel_g_gh5,hostel_g_gh6,0.24
hostel_g_gh5,loc_lhc_a,2.07
hostel_g_gh5,loc_lhc_b,2.3
hostel_g_gh5,loc_main_building,1.65
hostel_g_gh5,loc_main_gate,1.65
hostel_g_gh5,mess_b1_karavali,4.04
hostel_g_gh5,mess_b2_aravali,4.48
hostel_g_gh5,mess_b3_vindhya,4.75
hostel_g_gh5,mess_b4_satpura,4.27
hostel_g_gh5,mess_b5_nilgiri,4.81
hostel_g_gh5,mess_b7_sahyadri,3.65
hostel_g_gh5,mess_b8_trishul,3.5
hostel_g_gh5,mess_gb,4.21
hostel_g_gh5,mess_mega,3.3
hostel_g_gh5,mess_pg_new_brahmagiri,4.32
hostel_g_gh5,mess_pg_pushpagiri,4.76
hostel_g_gh5,loc_suprabha_boys,3.87
hostel_g_gh5,loc_suprabha_girls,1.02
hostel_g_gh6,loc_boys_coop,2.37
hostel_g_gh6,loc_central_library,1.55
hostel_g_gh6,dept_chem,0.6
hostel_g_gh6,dept_chemistry,2.21
hostel_g_gh6,dept_civil,1.14
hostel_g_gh6,dept_cse,2.54
hostel_g_gh6,dept_ece,2.54
hostel_g_gh6,dept_eee,2.71
hostel_g_gh6,dept_hssm,1.98
hostel_g_gh6,dept_it,2.64
hostel_g_gh6,dept_macs,1.7
hostel_g_gh6,dept_mech,0.29
hostel_g_gh6,dept_mining,1.29
hostel_g_gh6,dept_mme,1.09
hostel_g_gh6,dept_physics,2.06
hostel_g_gh6,dept_wroe,0.81
hostel_g_gh6,loc_e_library,1.32
hostel_g_gh6,loc_girls_coop,0.6
hostel_g_gh6,hostel_b_block1,3.62
hostel_g_gh6,hostel_b_block2,4.06
hostel_g_gh6,hostel_b_block3,4.33
hostel_g_gh6,hostel_b_block4,3.85
hostel_g_gh6,hostel_b_block5,4.39
hostel_g_gh6,hostel_b_block6,4.34
hostel_g_gh6,hostel_b_block7,3.23
hostel_g_gh6,hostel_b_block8,3.08
hostel_g_gh6,hostel_b_brahmagiri,3.9
hostel_g_gh6,hostel_b_mt1,2.79
hostel_g_gh6,hostel_b_mt2,3.15
hostel_g_gh6,hostel_b_mt3,3.51
hostel_g_gh6,hostel_b_shivalik,2.7
hostel_g_gh6,hostel_g_gh1,1.1
hostel_g_gh6,hostel_g_gh2,0.86
hostel_g_gh6,hostel_g_gh3,0.58
hostel_g_gh6,hostel_g_gh4,0.42
hostel_g_gh6,hostel_g_gh5,0.24
hostel_g_gh6,hostel_g_gh6,0.0
hostel_g_gh6,loc_lhc_a,1.83
hostel_g_gh6,loc_lhc_b,2.06
hostel_g_gh6,loc_main_building,1.41
hostel_g_gh6,loc_main_gate,1.63
hostel_g_gh6,mess_b1_karavali,3.8
hostel_g_gh6,mess_b2_aravali,4.24
hostel_g_gh6,mess_b3_vindhya,4.51
hostel_g_gh6,mess_b4_satpura,4.03
hostel_g_gh6,mess_b5_nilgiri,4.57
hostel_g_gh6,mess_b7_sahyadri,3.41
hostel_g_gh6,mess_b8_trishul,3.26
hostel_g_gh6,mess_gb,3.97
hostel_g_gh6,mess_mega,3.06
hostel_g_gh6,mess_pg_new_brahmagiri,4.08
hostel_g_gh6,mess_pg_pushpagiri,4.52
hostel_g_gh6,loc_suprabha_boys,3.63
hostel_g_gh6,loc_suprabha_girls,0.78
loc_lhc_a,loc_boys_coop,0.98
loc_lhc_a,loc_central_library,0.28
loc_lhc_a,dept_chem,1.23
loc_lhc_a,dept_chemistry,0.94
loc_lhc_a,dept_civil,1.15
loc_lhc_a,dept_cse,2.41
loc_lhc_a,dept_ece,2.48
loc_lhc_a,dept_eee,2.65
loc_lhc_a,dept_hssm,0.71
loc_lhc_a,dept_it,2.58
loc_lhc_a,dept_macs,0.43
loc_lhc_a,dept_mech,1.54
loc_lhc_a,dept_mining,1.0
loc_lhc_a,dept_mme,0.74
loc_lhc_a,dept_physics,0.79
loc_lhc_a,dept_wroe,1.48
loc_lhc_a,loc_e_library,0.51
loc_lhc_a,loc_girls_coop,2.43
loc_lhc_a,hostel_b_block1,2.23
loc_lhc_a,hostel_b_block2,2.67
loc_lhc_a,hostel_b_block3,2.94
loc_lhc_a,hostel_b_block4,2.46
loc_lhc_a,hostel_b_block5,3.0
loc_lhc_a,hostel_b_block6,2.95
loc_lhc_a,hostel_b_block7,1.84
loc_lhc_a,hostel_b_block8,1.69
loc_lhc_a,hostel_b_brahmagiri,2.51
loc_lhc_a,hostel_b_mt1,1.4
loc_lhc_a,hostel_b_mt2,1.76
loc_lhc_a,hostel_b_mt3,2.12
loc_lhc_a,hostel_b_shivalik,1.31
loc_lhc_a,hostel_g_gh1,1.93
loc_lhc_a,hostel_g_gh2,1.69
loc_lhc_a,hostel_g_gh3,1.97
loc_lhc_a,hostel_g_gh4,2.13
loc_lhc_a,hostel_g_gh5,2.07
loc_lhc_a,hostel_g_gh6,1.83
loc_lhc_a,loc_lhc_a,0.0
loc_lhc_a,loc_lhc_b,0.67
loc_lhc_a,loc_main_building,0.61
loc_lhc_a,loc_main_gate,1.01
loc_lhc_a,mess_b1_karavali,2.41
loc_lhc_a,mess_b2_aravali,2.85
loc_lhc_a,mess_b3_vindhya,3.12
loc_lhc_a,mess_b4_satpura,2.64
loc_lhc_a,mess_b5_nilgiri,3.18
loc_lhc_a,mess_b7_sahyadri,2.02
loc_lhc_a,mess_b8_trishul,1.87
loc_lhc_a,mess_gb,2.58
loc_lhc_a,mess_mega,1.67
loc_lhc_a,mess_pg_new_brahmagiri,2.69
loc_lhc_a,mess_pg_pushpagiri,3.13
loc_lhc_a,loc_suprabha_boys,2.24
loc_lhc_a,loc_suprabha_girls,2.61
loc_lhc_b,loc_boys_coop,0.31
loc_lhc_b,loc_central_library,0.51
loc_lhc_b,dept_chem,1.46
loc_lhc_b,dept_chemistry,0.68
loc_lhc_b,dept_civil,1.38
loc_lhc_b,dept_cse,2.64
loc_lhc_b,dept_ece,2.71
loc_lhc_b,dept_eee,2.88
loc_lhc_b,dept_hssm,0.64
loc_lhc_b,dept_it,2.81
loc_lhc_b,dept_macs,0.36
loc_lhc_b,dept_mech,1.77
loc_lhc_b,dept_mining,1.23
loc_lhc_b,dept_mme,0.97
loc_lhc_b,dept_physics,0.72
loc_lhc_b,dept_wroe,1.71
loc_lhc_b,loc_e_library,0.74
loc_lhc_b,loc_girls_coop,2.66
loc_lhc_b,hostel_b_block1,1.56
loc_lhc_b,hostel_b_block2,2.0
loc_lhc_b,hostel_b_block3,2.27
loc_lhc_b,hostel_b_block4,1.79
loc_lhc_b,hostel_b_block5,2.33
loc_lhc_b,hostel_b_block6,2.28
loc_lhc_b,hostel_b_block7,1.17
loc_lhc_b,hostel_b_block8,1.02
loc_lhc_b,hostel_b_brahmagiri,1.84
loc_lhc_b,hostel_b_mt1,0.73
loc_lhc_b,hostel_b_mt2,1.09
loc_lhc_b,hostel_b_mt3,1.45
loc_lhc_b,hostel_b_shivalik,0.64
loc_lhc_b,hostel_g_gh1,2.16
loc_lhc_b,hostel_g_gh2,1.92
loc_lhc_b,hostel_g_gh3,2.2
loc_lhc_b,hostel_g_gh4,2.36
loc_lhc_b,hostel_g_gh5,2.3
loc_lhc_b,hostel_g_gh6,2.06
loc_lhc_b,loc_lhc_a,0.67
loc_lhc_b,loc_lhc_b,0.0
loc_lhc_b,loc_main_building,0.84
loc_lhc_b,loc_main_gate,1.24
loc_lhc_b,mess_b1_karavali,1.74
loc_lhc_b,mess_b2_aravali,2.18
loc_lhc_b,mess_b3_vindhya,2.45
loc_lhc_b,mess_b4_satpura,1.97
loc_lhc_b,mess_b5_nilgiri,2.51
loc_lhc_b,mess_b7_sahyadri,1.35
loc_lhc_b,mess_b8_trishul,1.2
loc_lhc_b,mess_gb,1.91
loc_lhc_b,mess_mega,1.0
loc_lhc_b,mess_pg_new_brahmagiri,2.02
loc_lhc_b,mess_pg_pushpagiri,2.46
loc_lhc_b,loc_suprabha_boys,1.57
loc_lhc_b,loc_suprabha_girls,2.84
loc_main_building,loc_boys_coop,1.15
loc_main_building,loc_central_library,0.33
loc_main_building,dept_chem,0.81
loc_main_building,dept_chemistry,0.99
loc_main_building,dept_civil,0.55
loc_main_building,dept_cse,1.8
loc_main_building,dept_ece,1.87
loc_main_building,dept_eee,2.04
loc_main_building,dept_hssm,0.76
loc_main_building,dept_it,1.97
loc_main_building,dept_macs,0.48
loc_main_building,dept_mech,1.12
loc_main_building,dept_mining,0.4
loc_main_building,dept_mme,0.32
loc_main_building,dept_physics,0.84
loc_main_building,dept_wroe,0.88
loc_main_building,loc_e_library,0.37
loc_main_building,loc_girls_coop,2.01
loc_main_building,hostel_b_block1,2.4
loc_main_building,hostel_b_block2,2.84
loc_main_building,hostel_b_block3,3.11
loc_main_building,hostel_b_block4,2.63
loc_main_building,hostel_b_block5,3.17
loc_main_building,hostel_b_block6,3.12
loc_main_building,hostel_b_block7,2.01
loc_main_building,hostel_b_block8,1.86
loc_main_building,hostel_b_brahmagiri,2.68
loc_main_building,hostel_b_mt1,1.57
loc_main_building,hostel_b_mt2,1.93
loc_main_building,hostel_b_mt3,2.29
loc_main_building,hostel_b_shivalik,1.48
loc_main_building,hostel_g_gh1,1.33
loc_main_building,hostel_g_gh2,1.09
loc_main_building,hostel_g_gh3,1.37
loc_main_building,hostel_g_gh4,1.53
loc_main_building,hostel_g_gh5,1.65
loc_main_building,hostel_g_gh6,1.41
loc_main_building,loc_lhc_a,0.61
loc_main_building,loc_lhc_b,0.84
loc_main_building,loc_main_building,0.0
loc_main_building,loc_main_gate,0.4
loc_main_building,mess_b1_karavali,2.58
loc_main_building,mess_b2_aravali,3.02
loc_main_building,mess_b3_vindhya,3.29
loc_main_building,mess_b4_satpura,2.81
loc_main_building,mess_b5_nilgiri,3.35
loc_main_building,mess_b7_sahyadri,2.19
loc_main_building,mess_b8_trishul,2.04
loc_main_building,mess_gb,2.75
loc_main_building,mess_mega,1.84
loc_main_building,mess_pg_new_brahmagiri,2.86
loc_main_building,mess_pg_pushpagiri,3.3
loc_main_building,loc_suprabha_boys,2.41
loc_main_building,loc_suprabha_girls,2.19
loc_main_gate,loc_boys_coop,1.55
loc_main_gate,loc_central_library,0.73
loc_main_gate,dept_chem,1.21
loc_main_gate,dept_chemistry,1.39
loc_main_gate,dept_civil,0.49
loc_main_gate,dept_cse,1.4
loc_main_gate,dept_ece,1.47
loc_main_gate,dept_eee,1.64
loc_main_gate,dept_hssm,1.16
loc_main_gate,dept_it,1.57
loc_main_gate,dept_macs,0.88
loc_main_gate,dept_mech,1.34
loc_main_gate,dept_mining,0.64
loc_main_gate,dept_mme,0.72
loc_main_gate,dept_physics,1.24
loc_main_gate,dept_wroe,0.82
loc_main_gate,loc_e_library,0.77
loc_main_gate,loc_girls_coop,2.23
loc_main_gate,hostel_b_block1,2.8
loc_main_gate,hostel_b_block2,3.24
loc_main_gate,hostel_b_block3,3.51
loc_main_gate,hostel_b_block4,3.03
loc_main_gate,hostel_b_block5,3.57
loc_main_gate,hostel_b_block6,3.52
loc_main_gate,hostel_b_block7,2.41
loc_main_gate,hostel_b_block8,2.26
loc_main_gate,hostel_b_brahmagiri,3.08
loc_main_gate,hostel_b_mt1,1.97
loc_main_gate,hostel_b_mt2,2.33
loc_main_gate,hostel_b_mt3,2.69
loc_main_gate,hostel_b_shivalik,1.88
loc_main_gate,hostel_g_gh1,1.27
loc_main_gate,hostel_g_gh2,1.03
loc_main_gate,hostel_g_gh3,1.31
loc_main_gate,hostel_g_gh4,1.47
loc_main_gate,hostel_g_gh5,1.65
loc_main_gate,hostel_g_gh6,1.63
loc_main_gate,loc_lhc_a,1.01
loc_main_gate,loc_lhc_b,1.24
loc_main_gate,loc_main_building,0.4
loc_main_gate,loc_main_gate,0.0
loc_main_gate,mess_b1_karavali,2.98
loc_main_gate,mess_b2_aravali,3.42
loc_main_gate,mess_b3_vindhya,3.69
loc_main_gate,mess_b4_satpura,3.21
loc_main_gate,mess_b5_nilgiri,3.75
loc_main_gate,mess_b7_sahyadri,2.59
loc_main_gate,mess_b8_trishul,2.44
loc_main_gate,mess_gb,3.15
loc_main_gate,mess_mega,2.24
loc_main_gate,mess_pg_new_brahmagiri,3.26
loc_main_gate,mess_pg_pushpagiri,3.7
loc_main_gate,loc_suprabha_boys,2.81
loc_main_gate,loc_suprabha_girls,2.41
mess_b1_karavali,loc_boys_coop,1.43
mess_b1_karavali,loc_central_library,2.25
mess_b1_karavali,dept_chem,3.2
mess_b1_karavali,dept_chemistry,1.8
mess_b1_karavali,dept_civil,3.12
mess_b1_karavali,dept_cse,4.38
mess_b1_karavali,dept_ece,4.45
mess_b1_karavali,dept_eee,4.62
mess_b1_karavali,dept_hssm,2.03
mess_b1_karavali,dept_it,4.55
mess_b1_karavali,dept_macs,2.1
mess_b1_karavali,dept_mech,3.51
mess_b1_karavali,dept_mining,2.97
mess_b1_karavali,dept_mme,2.71
mess_b1_karavali,dept_physics,1.95
mess_b1_karavali,dept_wroe,3.45
mess_b1_karavali,loc_e_library,2.48
mess_b1_karavali,loc_girls_coop,4.4
mess_b1_karavali,hostel_b_block1,0.18
mess_b1_karavali,hostel_b_block2,0.62
mess_b1_karavali,hostel_b_block3,1.16
mess_b1_karavali,hostel_b_block4,1.64
mess_b1_karavali,hostel_b_block5,2.18
mess_b1_karavali,hostel_b_block6,0.9
mess_b1_karavali,hostel_b_block7,0.57
mess_b1_karavali,hostel_b_block8,2.14
mess_b1_karavali,hostel_b_brahmagiri,0.46
mess_b1_karavali,hostel_b_mt1,1.85
mess_b1_karavali,hostel_b_mt2,2.21
mess_b1_karavali,hostel_b_mt3,2.57
mess_b1_karavali,hostel_b_shivalik,1.76
mess_b1_karavali,hostel_g_gh1,3.9
mess_b1_karavali,hostel_g_gh2,3.66
mess_b1_karavali,hostel_g_gh3,3.94
mess_b1_karavali,hostel_g_gh4,4.1
mess_b1_karavali,hostel_g_gh5,4.04
mess_b1_karavali,hostel_g_gh6,3.8
mess_b1_karavali,loc_lhc_a,2.41
mess_b1_karavali,loc_lhc_b,1.74
mess_b1_karavali,loc_main_building,2.58
mess_b1_karavali,loc_main_gate,2.98
mess_b1_karavali,mess_b1_karavali,0.0
mess_b1_karavali,mess_b2_aravali,0.8
mess_b1_karavali,mess_b3_vindhya,1.34
mess_b1_karavali,mess_b4_satpura,1.82
mess_b1_karavali,mess_b5_nilgiri,2.36
mess_b1_karavali,mess_b7_sahyadri,0.75
mess_b1_karavali,mess_b8_trishul,2.32
mess_b1_karavali,mess_gb,1.31
mess_b1_karavali,mess_mega,2.12
mess_b1_karavali,mess_pg_new_brahmagiri,0.64
mess_b1_karavali,mess_pg_pushpagiri,1.08
mess_b1_karavali,loc_suprabha_boys,2.69
mess_b1_karavali,loc_suprabha_girls,4.58
mess_b2_aravali,loc_boys_coop,1.87
mess_b2_aravali,loc_central_library,2.69
mess_b2_aravali,dept_chem,3.64
mess_b2_aravali,dept_chemistry,2.24
mess_b2_aravali,dept_civil,3.56
mess_b2_aravali,dept_cse,4.82
mess_b2_aravali,dept_ece,4.89
mess_b2_aravali,dept_eee,5.06
mess_b2_aravali,dept_hssm,2.47
mess_b2_aravali,dept_it,4.99
mess_b2_aravali,dept_macs,2.54
mess_b2_aravali,dept_mech,3.95
mess_b2_aravali,dept_mining,3.41
mess_b2_aravali,dept_mme,3.15
mess_b2_aravali,dept_physics,2.39
mess_b2_aravali,dept_wroe,3.89
mess_b2_aravali,loc_e_library,2.92
mess_b2_aravali,loc_girls_coop,4.84
mess_b2_aravali,hostel_b_block1,0.62
mess_b2_aravali,hostel_b_block2,0.18
mess_b2_aravali,hostel_b_block3,0.72
mess_b2_aravali,hostel_b_block4,1.2
mess_b2_aravali,hostel_b_block5,1.74
mess_b2_aravali,hostel_b_block6,1.34
mess_b2_aravali,hostel_b_block7,1.01
mess_b2_aravali,hostel_b_block8,2.58
mess_b2_aravali,hostel_b_brahmagiri,0.9
mess_b2_aravali,hostel_b_mt1,2.26
mess_b2_aravali,hostel_b_mt2,2.3
mess_b2_aravali,hostel_b_mt3,2.66
mess_b2_aravali,hostel_b_shivalik,2.2
mess_b2_aravali,hostel_g_gh1,4.34
mess_b2_aravali,hostel_g_gh2,4.1
mess_b2_aravali,hostel_g_gh3,4.38
mess_b2_aravali,hostel_g_gh4,4.54
mess_b2_aravali,hostel_g_gh5,4.48
mess_b2_aravali,hostel_g_gh6,4.24
mess_b2_aravali,loc_lhc_a,2.85
mess_b2_aravali,loc_lhc_b,2.18
mess_b2_aravali,loc_main_building,3.02
mess_b2_aravali,loc_main_gate,3.42
mess_b2_aravali,mess_b1_karavali,0.8
mess_b2_aravali,mess_b2_aravali,0.0
mess_b2_aravali,mess_b3_vindhya,0.9
mess_b2_aravali,mess_b4_satpura,1.38
mess_b2_aravali,mess_b5_nilgiri,1.92
mess_b2_aravali,mess_b7_sahyadri,1.19
mess_b2_aravali,mess_b8_trishul,2.76
mess_b2_aravali,mess_gb,1.75
mess_b2_aravali,mess_mega,1.99
mess_b2_aravali,mess_pg_new_brahmagiri,1.08
mess_b2_aravali,mess_pg_pushpagiri,1.52
mess_b2_aravali,loc_suprabha_boys,2.58
mess_b2_aravali,loc_suprabha_girls,5.02
mess_b3_vindhya,loc_boys_coop,2.14
mess_b3_vindhya,loc_central_library,2.96
mess_b3_vindhya,dept_chem,3.91
mess_b3_vindhya,dept_chemistry,2.51
mess_b3_vindhya,dept_civil,3.83
mess_b3_vindhya,dept_cse,5.09
mess_b3_vindhya,dept_ece,5.16
mess_b3_vindhya,dept_eee,5.33
mess_b3_vindhya,dept_hssm,2.74
mess_b3_vindhya,dept_it,5.26
mess_b3_vindhya,dept_macs,2.81
mess_b3_vindhya,dept_mech,4.22
mess_b3_vindhya,dept_mining,3.68
mess_b3_vindhya,dept_mme,3.42
mess_b3_vindhya,dept_physics,2.66
mess_b3_vindhya,dept_wroe,4.16
mess_b3_vindhya,loc_e_library,3.19
mess_b3_vindhya,loc_girls_coop,5.11
mess_b3_vindhya,hostel_b_block1,1.16
mess_b3_vindhya,hostel_b_block2,0.72
mess_b3_vindhya,hostel_b_block3,0.18
mess_b3_vindhya,hostel_b_block4,0.66
mess_b3_vindhya,hostel_b_block5,1.2
mess_b3_vindhya,hostel_b_block6,1.88
mess_b3_vindhya,hostel_b_block7,1.55
mess_b3_vindhya,hostel_b_block8,2.71
mess_b3_vindhya,hostel_b_brahmagiri,1.44
mess_b3_vindhya,hostel_b_mt1,1.72
mess_b3_vindhya,hostel_b_mt2,1.76
mess_b3_vindhya,hostel_b_mt3,2.12
mess_b3_vindhya,hostel_b_shivalik,2.47
mess_b3_vindhya,hostel_g_gh1,4.61
mess_b3_vindhya,hostel_g_gh2,4.37
mess_b3_vindhya,hostel_g_gh3,4.65
mess_b3_vindhya,hostel_g_gh4,4.81
mess_b3_vindhya,hostel_g_gh5,4.75
mess_b3_vindhya,hostel_g_gh6,4.51
mess_b3_vindhya,loc_lhc_a,3.12
mess_b3_vindhya,loc_lhc_b,2.45
mess_b3_vindhya,loc_main_building,3.29
mess_b3_vindhya,loc_main_gate,3.69
mess_b3_vindhya,mess_b1_karavali,1.34
mess_b3_vindhya,mess_b2_aravali,0.9
mess_b3_vindhya,mess_b3_vindhya,0.0
mess_b3_vindhya,mess_b4_satpura,0.84
mess_b3_vindhya,mess_b5_nilgiri,1.38
mess_b3_vindhya,mess_b7_sahyadri,1.73
mess_b3_vindhya,mess_b8_trishul,2.89
mess_b3_vindhya,mess_gb,2.29
mess_b3_vindhya,mess_mega,1.45
mess_b3_vindhya,mess_pg_new_brahmagiri,1.62
mess_b3_vindhya,mess_pg_pushpagiri,2.06
mess_b3_vindhya,loc_suprabha_boys,2.04
mess_b3_vindhya,loc_suprabha_girls,5.29
mess_b4_satpura,loc_boys_coop,1.66
mess_b4_satpura,loc_central_library,2.48
mess_b4_satpura,dept_chem,3.43
mess_b4_satpura,dept_chemistry,2.03
mess_b4_satpura,dept_civil,3.35
mess_b4_satpura,dept_cse,4.61
mess_b4_satpura,dept_ece,4.68
mess_b4_satpura,dept_eee,4.85
mess_b4_satpura,dept_hssm,2.26
mess_b4_satpura,dept_it,4.78
mess_b4_satpura,dept_macs,2.33
mess_b4_satpura,dept_mech,3.74
mess_b4_satpura,dept_mining,3.2
mess_b4_satpura,dept_mme,2.94
mess_b4_satpura,dept_physics,2.18
mess_b4_satpura,dept_wroe,3.68
mess_b4_satpura,loc_e_library,2.71
mess_b4_satpura,loc_girls_coop,4.63
mess_b4_satpura,hostel_b_block1,1.64
mess_b4_satpura,hostel_b_block2,1.2
mess_b4_satpura,hostel_b_block3,0.66
mess_b4_satpura,hostel_b_block4,0.18
mess_b4_satpura,hostel_b_block5,0.72
mess_b4_satpura,hostel_b_block6,2.36
mess_b4_satpura,hostel_b_block7,2.03
mess_b4_satpura,hostel_b_block8,2.23
mess_b4_satpura,hostel_b_brahmagiri,1.92
mess_b4_satpura,hostel_b_mt1,1.24
mess_b4_satpura,hostel_b_mt2,1.28
mess_b4_satpura,hostel_b_mt3,1.64
mess_b4_satpura,hostel_b_shivalik,1.99
mess_b4_satpura,hostel_g_gh1,4.13
mess_b4_satpura,hostel_g_gh2,3.89
mess_b4_satpura,hostel_g_gh3,4.17
mess_b4_satpura,hostel_g_gh4,4.33
mess_b4_satpura,hostel_g_gh5,4.27
mess_b4_satpura,hostel_g_gh6,4.03
mess_b4_satpura,loc_lhc_a,2.64
mess_b4_satpura,loc_lhc_b,1.97
mess_b4_satpura,loc_main_building,2.81
mess_b4_satpura,loc_main_gate,3.21
mess_b4_satpura,mess_b1_karavali,1.82
mess_b4_satpura,mess_b2_aravali,1.38
mess_b4_satpura,mess_b3_vindhya,0.84
mess_b4_satpura,mess_b4_satpura,0.0
mess_b4_satpura,mess_b5_nilgiri,0.9
mess_b4_satpura,mess_b7_sahyadri,2.21
mess_b4_satpura,mess_b8_trishul,2.41
mess_b4_satpura,mess_gb,2.77
mess_b4_satpura,mess_mega,0.97
mess_b4_satpura,mess_pg_new_brahmagiri,2.1
mess_b4_satpura,mess_pg_pushpagiri,2.54
mess_b4_satpura,loc_suprabha_boys,1.56
mess_b4_satpura,loc_suprabha_girls,4.81
mess_b5_nilgiri,loc_boys_coop,2.2
mess_b5_nilgiri,loc_central_library,3.02
mess_b5_nilgiri,dept_chem,3.97
mess_b5_nilgiri,dept_chemistry,2.57
mess_b5_nilgiri,dept_civil,3.89
mess_b5_nilgiri,dept_cse,5.15
mess_b5_nilgiri,dept_ece,5.22
mess_b5_nilgiri,dept_eee,5.39
mess_b5_nilgiri,dept_hssm,2.8
mess_b5_nilgiri,dept_it,5.32
mess_b5_nilgiri,dept_macs,2.87
mess_b5_nilgiri,dept_mech,4.28
mess_b5_nilgiri,dept_mining,3.74
mess_b5_nilgiri,dept_mme,3.48
mess_b5_nilgiri,dept_physics,2.72
mess_b5_nilgiri,dept_wroe,4.22
mess_b5_nilgiri,loc_e_library,3.25
mess_b5_nilgiri,loc_girls_coop,5.17
mess_b5_nilgiri,hostel_b_block1,2.18
mess_b5_nilgiri,hostel_b_block2,1.74
mess_b5_nilgiri,hostel_b_block3,1.2
mess_b5_nilgiri,hostel_b_block4,0.72
mess_b5_nilgiri,hostel_b_block5,0.18
mess_b5_nilgiri,hostel_b_block6,2.9
mess_b5_nilgiri,hostel_b_block7,2.57
mess_b5_nilgiri,hostel_b_block8,1.93
mess_b5_nilgiri,hostel_b_brahmagiri,2.46
mess_b5_nilgiri,hostel_b_mt1,1.78
mess_b5_nilgiri,hostel_b_mt2,1.5
mess_b5_nilgiri,hostel_b_mt3,1.34
mess_b5_nilgiri,hostel_b_shivalik,2.31
mess_b5_nilgiri,hostel_g_gh1,4.67
mess_b5_nilgiri,hostel_g_gh2,4.43
mess_b5_nilgiri,hostel_g_gh3,4.71
mess_b5_nilgiri,hostel_g_gh4,4.87
mess_b5_nilgiri,hostel_g_gh5,4.81
mess_b5_nilgiri,hostel_g_gh6,4.57
mess_b5_nilgiri,loc_lhc_a,3.18
mess_b5_nilgiri,loc_lhc_b,2.51
mess_b5_nilgiri,loc_main_building,3.35
mess_b5_nilgiri,loc_main_gate,3.75
mess_b5_nilgiri,mess_b1_karavali,2.36
mess_b5_nilgiri,mess_b2_aravali,1.92
mess_b5_nilgiri,mess_b3_vindhya,1.38
mess_b5_nilgiri,mess_b4_satpura,0.9
mess_b5_nilgiri,mess_b5_nilgiri,0.0
mess_b5_nilgiri,mess_b7_sahyadri,2.75
mess_b5_nilgiri,mess_b8_trishul,2.11
mess_b5_nilgiri,mess_gb,3.31
mess_b5_nilgiri,mess_mega,1.51
mess_b5_nilgiri,mess_pg_new_brahmagiri,2.64
mess_b5_nilgiri,mess_pg_pushpagiri,3.08
mess_b5_nilgiri,loc_suprabha_boys,1.02
mess_b5_nilgiri,loc_suprabha_girls,5.35
mess_b7_sahyadri,loc_boys_coop,1.04
mess_b7_sahyadri,loc_central_library,1.86
mess_b7_sahyadri,dept_chem,2.81
mess_b7_sahyadri,dept_chemistry,1.41
mess_b7_sahyadri,dept_civil,2.73
mess_b7_sahyadri,dept_cse,3.99
mess_b7_sahyadri,dept_ece,4.06
mess_b7_sahyadri,dept_eee,4.23
mess_b7_sahyadri,dept_hssm,1.64
mess_b7_sahyadri,dept_it,4.16
mess_b7_sahyadri,dept_macs,1.71
mess_b7_sahyadri,dept_mech,3.12
mess_b7_sahyadri,dept_mining,2.58
mess_b7_sahyadri,dept_mme,2.32
mess_b7_sahyadri,dept_physics,1.56
mess_b7_sahyadri,dept_wroe,3.06
mess_b7_sahyadri,loc_e_library,2.09
mess_b7_sahyadri,loc_girls_coop,4.01
mess_b7_sahyadri,hostel_b_block1,0.57
mess_b7_sahyadri,hostel_b_block2,1.01
mess_b7_sahyadri,hostel_b_block3,1.55
mess_b7_sahyadri,hostel_b_block4,2.03
mess_b7_sahyadri,hostel_b_block5,2.57
mess_b7_sahyadri,hostel_b_block6,1.29
mess_b7_sahyadri,hostel_b_block7,0.18
mess_b7_sahyadri,hostel_b_block8,1.75
mess_b7_sahyadri,hostel_b_brahmagiri,0.85
mess_b7_sahyadri,hostel_b_mt1,1.46
mess_b7_sahyadri,hostel_b_mt2,1.82
mess_b7_sahyadri,hostel_b_mt3,2.18
mess_b7_sahyadri,hostel_b_shivalik,1.37
mess_b7_sahyadri,hostel_g_gh1,3.51
mess_b7_sahyadri,hostel_g_gh2,3.27
mess_b7_sahyadri,hostel_g_gh3,3.55
mess_b7_sahyadri,hostel_g_gh4,3.71
mess_b7_sahyadri,hostel_g_gh5,3.65
mess_b7_sahyadri,hostel_g_gh6,3.41
mess_b7_sahyadri,loc_lhc_a,2.02
mess_b7_sahyadri,loc_lhc_b,1.35
mess_b7_sahyadri,loc_main_building,2.19
mess_b7_sahyadri,loc_main_gate,2.59
mess_b7_sahyadri,mess_b1_karavali,0.75
mess_b7_sahyadri,mess_b2_aravali,1.19
mess_b7_sahyadri,mess_b3_vindhya,1.73
mess_b7_sahyadri,mess_b4_satpura,2.21
mess_b7_sahyadri,mess_b5_nilgiri,2.75
mess_b7_sahyadri,mess_b7_sahyadri,0.0
mess_b7_sahyadri,mess_b8_trishul,1.93
mess_b7_sahyadri,mess_gb,0.92
mess_b7_sahyadri,mess_mega,1.73
mess_b7_sahyadri,mess_pg_new_brahmagiri,1.03
mess_b7_sahyadri,mess_pg_pushpagiri,1.47
mess_b7_sahyadri,loc_suprabha_boys,2.3
mess_b7_sahyadri,loc_suprabha_girls,4.19
mess_b8_trishul,loc_boys_coop,0.89
mess_b8_trishul,loc_central_library,1.71
mess_b8_trishul,dept_chem,2.66
mess_b8_trishul,dept_chemistry,1.26
mess_b8_trishul,dept_civil,2.58
mess_b8_trishul,dept_cse,3.84
mess_b8_trishul,dept_ece,3.91
mess_b8_trishul,dept_eee,4.08
mess_b8_trishul,dept_hssm,1.49
mess_b8_trishul,dept_it,4.01
mess_b8_trishul,dept_macs,1.56
mess_b8_trishul,dept_mech,2.97
mess_b8_trishul,dept_mining,2.43
mess_b8_trishul,dept_mme,2.17
mess_b8_trishul,dept_physics,1.41
mess_b8_trishul,dept_wroe,2.91
mess_b8_trishul,loc_e_library,1.94
mess_b8_trishul,loc_girls_coop,3.86
mess_b8_trishul,hostel_b_block1,2.14
mess_b8_trishul,hostel_b_block2,2.58
mess_b8_trishul,hostel_b_block3,2.71
mess_b8_trishul,hostel_b_block4,2.23
mess_b8_trishul,hostel_b_block5,1.93
mess_b8_trishul,hostel_b_block6,2.86
mess_b8_trishul,hostel_b_block7,1.75
mess_b8_trishul,hostel_b_block8,0.18
mess_b8_trishul,hostel_b_brahmagiri,2.42
mess_b8_trishul,hostel_b_mt1,1.31
mess_b8_trishul,hostel_b_mt2,1.13
mess_b8_trishul,hostel_b_mt3,0.77
mess_b8_trishul,hostel_b_shivalik,0.56
mess_b8_trishul,hostel_g_gh1,3.36
mess_b8_trishul,hostel_g_gh2,3.12
mess_b8_trishul,hostel_g_gh3,3.4
mess_b8_trishul,hostel_g_gh4,3.56
mess_b8_trishul,hostel_g_gh5,3.5
mess_b8_trishul,hostel_g_gh6,3.26
mess_b8_trishul,loc_lhc_a,1.87
mess_b8_trishul,loc_lhc_b,1.2
mess_b8_trishul,loc_main_building,2.04
mess_b8_trishul,loc_main_gate,2.44
mess_b8_trishul,mess_b1_karavali,2.32
mess_b8_trishul,mess_b2_aravali,2.76
mess_b8_trishul,mess_b3_vindhya,2.89
mess_b8_trishul,mess_b4_satpura,2.41
mess_b8_trishul,mess_b5_nilgiri,2.11
mess_b8_trishul,mess_b7_sahyadri,1.93
mess_b8_trishul,mess_b8_trishul,0.0
mess_b8_trishul,mess_gb,2.49
mess_b8_trishul,mess_mega,1.44
mess_b8_trishul,mess_pg_new_brahmagiri,2.6
mess_b8_trishul,mess_pg_pushpagiri,3.04
mess_b8_trishul,loc_suprabha_boys,1.09
mess_b8_trishul,loc_suprabha_girls,4.04
mess_gb,loc_boys_coop,1.6
mess_gb,loc_central_library,2.42
mess_gb,dept_chem,3.37
mess_gb,dept_chemistry,1.97
mess_gb,dept_civil,3.29
mess_gb,dept_cse,4.55
mess_gb,dept_ece,4.62
mess_gb,dept_eee,4.79
mess_gb,dept_hssm,2.2
mess_gb,dept_it,4.72
mess_gb,dept_macs,2.27
mess_gb,dept_mech,3.68
mess_gb,dept_mining,3.14
mess_gb,dept_mme,2.88
mess_gb,dept_physics,2.12
mess_gb,dept_wroe,3.62
mess_gb,loc_e_library,2.65
mess_gb,loc_girls_coop,4.57
mess_gb,hostel_b_block1,1.13
mess_gb,hostel_b_block2,1.57
mess_gb,hostel_b_block3,2.11
mess_gb,hostel_b_block4,2.59
mess_gb,hostel_b_block5,3.13
mess_gb,hostel_b_block6,1.85
mess_gb,hostel_b_block7,0.74
mess_gb,hostel_b_block8,2.31
mess_gb,hostel_b_brahmagiri,1.41
mess_gb,hostel_b_mt1,2.02
mess_gb,hostel_b_mt2,2.38
mess_gb,hostel_b_mt3,2.74
mess_gb,hostel_b_shivalik,1.93
mess_gb,hostel_g_gh1,4.07
mess_gb,hostel_g_gh2,3.83
mess_gb,hostel_g_gh3,4.11
mess_gb,hostel_g_gh4,4.27
mess_gb,hostel_g_gh5,4.21
mess_gb,hostel_g_gh6,3.97
mess_gb,loc_lhc_a,2.58
mess_gb,loc_lhc_b,1.91
mess_gb,loc_main_building,2.75
mess_gb,loc_main_gate,3.15
mess_gb,mess_b1_karavali,1.31
mess_gb,mess_b2_aravali,1.75
mess_gb,mess_b3_vindhya,2.29
mess_gb,mess_b4_satpura,2.77
mess_gb,mess_b5_nilgiri,3.31
mess_gb,mess_b7_sahyadri,0.92
mess_gb,mess_b8_trishul,2.49
mess_gb,mess_gb,0.0
mess_gb,mess_mega,2.29
mess_gb,mess_pg_new_brahmagiri,1.59
mess_gb,mess_pg_pushpagiri,2.03
mess_gb,loc_suprabha_boys,2.86
mess_gb,loc_suprabha_girls,4.75
mess_mega,loc_boys_coop,0.69
mess_mega,loc_central_library,1.51
mess_mega,dept_chem,2.46
mess_mega,dept_chemistry,1.06
mess_mega,dept_civil,2.38
mess_mega,dept_cse,3.64
mess_mega,dept_ece,3.71
mess_mega,dept_eee,3.88
mess_mega,dept_hssm,1.29
mess_mega,dept_it,3.81
mess_mega,dept_macs,1.36
mess_mega,dept_mech,2.77
mess_mega,dept_mining,2.23
mess_mega,dept_mme,1.97
mess_mega,dept_physics,1.21
mess_mega,dept_wroe,2.71
mess_mega,loc_e_library,1.74
mess_mega,loc_girls_coop,3.66
mess_mega,hostel_b_block1,1.94
mess_mega,hostel_b_block2,1.81
mess_mega,hostel_b_block3,1.27
mess_mega,hostel_b_block4,0.79
mess_mega,hostel_b_block5,1.33
mess_mega,hostel_b_block6,2.66
mess_mega,hostel_b_block7,1.55
mess_mega,hostel_b_block8,1.26
mess_mega,hostel_b_brahmagiri,2.22
mess_mega,hostel_b_mt1,0.27
mess_mega,hostel_b_mt2,0.31
mess_mega,hostel_b_mt3,0.67
mess_mega,hostel_b_shivalik,1.02
mess_mega,hostel_g_gh1,3.16
mess_mega,hostel_g_gh2,2.92
mess_mega,hostel_g_gh3,3.2
mess_mega,hostel_g_gh4,3.36
mess_mega,hostel_g_gh5,3.3
mess_mega,hostel_g_gh6,3.06
mess_mega,loc_lhc_a,1.67
mess_mega,loc_lhc_b,1.0
mess_mega,loc_main_building,1.84
mess_mega,loc_main_gate,2.24
mess_mega,mess_b1_karavali,2.12
mess_mega,mess_b2_aravali,1.99
mess_mega,mess_b3_vindhya,1.45
mess_mega,mess_b4_satpura,0.97
mess_mega,mess_b5_nilgiri,1.51
mess_mega,mess_b7_sahyadri,1.73
mess_mega,mess_b8_trishul,1.44
mess_mega,mess_gb,2.29
mess_mega,mess_mega,0.0
mess_mega,mess_pg_new_brahmagiri,2.4
mess_mega,mess_pg_pushpagiri,2.84
mess_mega,loc_suprabha_boys,0.79
mess_mega,loc_suprabha_girls,3.84
mess_pg_new_brahmagiri,loc_boys_coop,1.71
mess_pg_new_brahmagiri,loc_central_library,2.53
mess_pg_new_brahmagiri,dept_chem,3.48
mess_pg_new_brahmagiri,dept_chemistry,2.08
mess_pg_new_brahmagiri,dept_civil,3.4
mess_pg_new_brahmagiri,dept_cse,4.66
mess_pg_new_brahmagiri,dept_ece,4.73
mess_pg_new_brahmagiri,dept_eee,4.9
mess_pg_new_brahmagiri,dept_hssm,2.31
mess_pg_new_brahmagiri,dept_it,4.83
mess_pg_new_brahmagiri,dept_macs,2.38
mess_pg_new_brahmagiri,dept_mech,3.79
mess_pg_new_brahmagiri,dept_mining,3.25
mess_pg_new_brahmagiri,dept_mme,2.99
mess_pg_new_brahmagiri,dept_physics,2.23
mess_pg_new_brahmagiri,dept_wroe,3.73
mess_pg_new_brahmagiri,loc_e_library,2.76
mess_pg_new_brahmagiri,loc_girls_coop,4.68
mess_pg_new_brahmagiri,hostel_b_block1,0.46
mess_pg_new_brahmagiri,hostel_b_block2,0.9
mess_pg_new_brahmagiri,hostel_b_block3,1.44
mess_pg_new_brahmagiri,hostel_b_block4,1.92
mess_pg_new_brahmagiri,hostel_b_block5,2.46
mess_pg_new_brahmagiri,hostel_b_block6,0.62
mess_pg_new_brahmagiri,hostel_b_block7,0.85
mess_pg_new_brahmagiri,hostel_b_block8,2.42
mess_pg_new_brahmagiri,hostel_b_brahmagiri,0.18
mess_pg_new_brahmagiri,hostel_b_mt1,2.13
mess_pg_new_brahmagiri,hostel_b_mt2,2.49
mess_pg_new_brahmagiri,hostel_b_mt3,2.85
mess_pg_new_brahmagiri,hostel_b_shivalik,2.04
mess_pg_new_brahmagiri,hostel_g_gh1,4.18
mess_pg_new_brahmagiri,hostel_g_gh2,3.94
mess_pg_new_brahmagiri,hostel_g_gh3,4.22
mess_pg_new_brahmagiri,hostel_g_gh4,4.38
mess_pg_new_brahmagiri,hostel_g_gh5,4.32
mess_pg_new_brahmagiri,hostel_g_gh6,4.08
mess_pg_new_brahmagiri,loc_lhc_a,2.69
mess_pg_new_brahmagiri,loc_lhc_b,2.02
mess_pg_new_brahmagiri,loc_main_building,2.86
mess_pg_new_brahmagiri,loc_main_gate,3.26
mess_pg_new_brahmagiri,mess_b1_karavali,0.64
mess_pg_new_brahmagiri,mess_b2_aravali,1.08
mess_pg_new_brahmagiri,mess_b3_vindhya,1.62
mess_pg_new_brahmagiri,mess_b4_satpura,2.1
mess_pg_new_brahmagiri,mess_b5_nilgiri,2.64
mess_pg_new_brahmagiri,mess_b7_sahyadri,1.03
mess_pg_new_brahmagiri,mess_b8_trishul,2.6
mess_pg_new_brahmagiri,mess_gb,1.59
mess_pg_new_brahmagiri,mess_mega,2.4
mess_pg_new_brahmagiri,mess_pg_new_brahmagiri,0.0
mess_pg_new_brahmagiri,mess_pg_pushpagiri,0.8
mess_pg_new_brahmagiri,loc_suprabha_boys,2.97
mess_pg_new_brahmagiri,loc_suprabha_girls,4.86
mess_pg_pushpagiri,loc_boys_coop,2.15
mess_pg_pushpagiri,loc_central_library,2.97
mess_pg_pushpagiri,dept_chem,3.92
mess_pg_pushpagiri,dept_chemistry,2.52
mess_pg_pushpagiri,dept_civil,3.84
mess_pg_pushpagiri,dept_cse,5.1
mess_pg_pushpagiri,dept_ece,5.17
mess_pg_pushpagiri,dept_eee,5.34
mess_pg_pushpagiri,dept_hssm,2.75
mess_pg_pushpagiri,dept_it,5.27
mess_pg_pushpagiri,dept_macs,2.82
mess_pg_pushpagiri,dept_mech,4.23
mess_pg_pushpagiri,dept_mining,3.69
mess_pg_pushpagiri,dept_mme,3.43
mess_pg_pushpagiri,dept_physics,2.67
mess_pg_pushpagiri,dept_wroe,4.17
mess_pg_pushpagiri,loc_e_library,3.2
mess_pg_pushpagiri,loc_girls_coop,5.12
mess_pg_pushpagiri,hostel_b_block1,0.9
mess_pg_pushpagiri,hostel_b_block2,1.34
mess_pg_pushpagiri,hostel_b_block3,1.88
mess_pg_pushpagiri,hostel_b_block4,2.36
mess_pg_pushpagiri,hostel_b_block5,2.9
mess_pg_pushpagiri,hostel_b_block6,0.18
mess_pg_pushpagiri,hostel_b_block7,1.29
mess_pg_pushpagiri,hostel_b_block8,2.86
mess_pg_pushpagiri,hostel_b_brahmagiri,0.62
mess_pg_pushpagiri,hostel_b_mt1,2.57
mess_pg_pushpagiri,hostel_b_mt2,2.93
mess_pg_pushpagiri,hostel_b_mt3,3.29
mess_pg_pushpagiri,hostel_b_shivalik,2.48
mess_pg_pushpagiri,hostel_g_gh1,4.62
mess_pg_pushpagiri,hostel_g_gh2,4.38
mess_pg_pushpagiri,hostel_g_gh3,4.66
mess_pg_pushpagiri,hostel_g_gh4,4.82
mess_pg_pushpagiri,hostel_g_gh5,4.76
mess_pg_pushpagiri,hostel_g_gh6,4.52
mess_pg_pushpagiri,loc_lhc_a,3.13
mess_pg_pushpagiri,loc_lhc_b,2.46
mess_pg_pushpagiri,loc_main_building,3.3
mess_pg_pushpagiri,loc_main_gate,3.7
mess_pg_pushpagiri,mess_b1_karavali,1.08
mess_pg_pushpagiri,mess_b2_aravali,1.52
mess_pg_pushpagiri,mess_b3_vindhya,2.06
mess_pg_pushpagiri,mess_b4_satpura,2.54
mess_pg_pushpagiri,mess_b5_nilgiri,3.08
mess_pg_pushpagiri,mess_b7_sahyadri,1.47
mess_pg_pushpagiri,mess_b8_trishul,3.04
mess_pg_pushpagiri,mess_gb,2.03
mess_pg_pushpagiri,mess_mega,2.84
mess_pg_pushpagiri,mess_pg_new_brahmagiri,0.8
mess_pg_pushpagiri,mess_pg_pushpagiri,0.0
mess_pg_pushpagiri,loc_suprabha_boys,3.41
mess_pg_pushpagiri,loc_suprabha_girls,5.3
loc_suprabha_boys,loc_boys_coop,1.26
loc_suprabha_boys,loc_central_library,2.08
loc_suprabha_boys,dept_chem,3.03
loc_suprabha_boys,dept_chemistry,1.63
loc_suprabha_boys,dept_civil,2.95
loc_suprabha_boys,dept_cse,4.21
loc_suprabha_boys,dept_ece,4.28
loc_suprabha_boys,dept_eee,4.45
loc_suprabha_boys,dept_hssm,1.86
loc_suprabha_boys,dept_it,4.38
loc_suprabha_boys,dept_macs,1.93
loc_suprabha_boys,dept_mech,3.34
loc_suprabha_boys,dept_mining,2.8
loc_suprabha_boys,dept_mme,2.54
loc_suprabha_boys,dept_physics,1.78
loc_suprabha_boys,dept_wroe,3.28
loc_suprabha_boys,loc_e_library,2.31
loc_suprabha_boys,loc_girls_coop,4.23
loc_suprabha_boys,hostel_b_block1,2.51
loc_suprabha_boys,hostel_b_block2,2.4
loc_suprabha_boys,hostel_b_block3,1.86
loc_suprabha_boys,hostel_b_block4,1.38
loc_suprabha_boys,hostel_b_block5,0.84
loc_suprabha_boys,hostel_b_block6,3.23
loc_suprabha_boys,hostel_b_block7,2.12
loc_suprabha_boys,hostel_b_block8,0.91
loc_suprabha_boys,hostel_b_brahmagiri,2.79
loc_suprabha_boys,hostel_b_mt1,0.84
loc_suprabha_boys,hostel_b_mt2,0.48
loc_suprabha_boys,hostel_b_mt3,0.32
loc_suprabha_boys,hostel_b_shivalik,1.29
loc_suprabha_boys,hostel_g_gh1,3.73
loc_suprabha_boys,hostel_g_gh2,3.49
loc_suprabha_boys,hostel_g_gh3,3.77
loc_suprabha_boys,hostel_g_gh4,3.93
loc_suprabha_boys,hostel_g_gh5,3.87
loc_suprabha_boys,hostel_g_gh6,3.63
loc_suprabha_boys,loc_lhc_a,2.24
loc_suprabha_boys,loc_lhc_b,1.57
loc_suprabha_boys,loc_main_building,2.41
loc_suprabha_boys,loc_main_gate,2.81
loc_suprabha_boys,mess_b1_karavali,2.69
loc_suprabha_boys,mess_b2_aravali,2.58
loc_suprabha_boys,mess_b3_vindhya,2.04
loc_suprabha_boys,mess_b4_satpura,1.56
loc_suprabha_boys,mess_b5_nilgiri,1.02
loc_suprabha_boys,mess_b7_sahyadri,2.3
loc_suprabha_boys,mess_b8_trishul,1.09
loc_suprabha_boys,mess_gb,2.86
loc_suprabha_boys,mess_mega,0.79
loc_suprabha_boys,mess_pg_new_brahmagiri,2.97
loc_suprabha_boys,mess_pg_pushpagiri,3.41
loc_suprabha_boys,loc_suprabha_boys,0.0
loc_suprabha_boys,loc_suprabha_girls,4.41
loc_suprabha_girls,loc_boys_coop,3.15
loc_suprabha_girls,loc_central_library,2.33
loc_suprabha_girls,dept_chem,1.38
loc_suprabha_girls,dept_chemistry,2.99
loc_suprabha_girls,dept_civil,1.92
loc_suprabha_girls,dept_cse,3.32
loc_suprabha_girls,dept_ece,3.32
loc_suprabha_girls,dept_eee,3.49
loc_suprabha_girls,dept_hssm,2.76
loc_suprabha_girls,dept_it,3.42
loc_suprabha_girls,dept_macs,2.48
loc_suprabha_girls,dept_mech,1.07
loc_suprabha_girls,dept_mining,2.07
loc_suprabha_girls,dept_mme,1.87
loc_suprabha_girls,dept_physics,2.84
loc_suprabha_girls,dept_wroe,1.59
loc_suprabha_girls,loc_e_library,2.1
loc_suprabha_girls,loc_girls_coop,0.18
loc_suprabha_girls,hostel_b_block1,4.4
loc_suprabha_girls,hostel_b_block2,4.84
loc_suprabha_girls,hostel_b_block3,5.11
loc_suprabha_girls,hostel_b_block4,4.63
loc_suprabha_girls,hostel_b_block5,5.17
loc_suprabha_girls,hostel_b_block6,5.12
loc_suprabha_girls,hostel_b_block7,4.01
loc_suprabha_girls,hostel_b_block8,3.86
loc_suprabha_girls,hostel_b_brahmagiri,4.68
loc_suprabha_girls,hostel_b_mt1,3.57
loc_suprabha_girls,hostel_b_mt2,3.93
loc_suprabha_girls,hostel_b_mt3,4.29
loc_suprabha_girls,hostel_b_shivalik,3.48
loc_suprabha_girls,hostel_g_gh1,1.76
loc_suprabha_girls,hostel_g_gh2,1.52
loc_suprabha_girls,hostel_g_gh3,1.24
loc_suprabha_girls,hostel_g_gh4,1.08
loc_suprabha_girls,hostel_g_gh5,1.02
loc_suprabha_girls,hostel_g_gh6,0.78
loc_suprabha_girls,loc_lhc_a,2.61
loc_suprabha_girls,loc_lhc_b,2.84
loc_suprabha_girls,loc_main_building,2.19
loc_suprabha_girls,loc_main_gate,2.41
loc_suprabha_girls,mess_b1_karavali,4.58
loc_suprabha_girls,mess_b2_aravali,5.02
loc_suprabha_girls,mess_b3_vindhya,5.29
loc_suprabha_girls,mess_b4_satpura,4.81
loc_suprabha_girls,mess_b5_nilgiri,5.35
loc_suprabha_girls,mess_b7_sahyadri,4.19
loc_suprabha_girls,mess_b8_trishul,4.04
loc_suprabha_girls,mess_gb,4.75
loc_suprabha_girls,mess_mega,3.84
loc_suprabha_girls,mess_pg_new_brahmagiri,4.86
loc_suprabha_girls,mess_pg_pushpagiri,5.3
loc_suprabha_girls,loc_suprabha_boys,4.41
loc_suprabha_girls,loc_suprabha_girls,0.0
